Year,大分類,手術手技コード,手術手技,データ,クラス,値
2021,1. 全手術手技合計,ALL,全手術手技合計,集計対象医療機関数,合計,768
2021,1. 全手術手技合計,ALL,全手術手技合計,手術件数,合計,291958
2021,1. 全手術手技合計,ALL,全手術手技合計,各医療機関の手術件数の分布,10ﾊﾟｰｾﾝﾀｲﾙ,72
2021,1. 全手術手技合計,ALL,全手術手技合計,各医療機関の手術件数の分布,25ﾊﾟｰｾﾝﾀｲﾙ,119
2021,1. 全手術手技合計,ALL,全手術手技合計,各医療機関の手術件数の分布,50ﾊﾟｰｾﾝﾀｲﾙ,232
2021,1. 全手術手技合計,ALL,全手術手技合計,各医療機関の手術件数の分布,75ﾊﾟｰｾﾝﾀｲﾙ,496
2021,1. 全手術手技合計,ALL,全手術手技合計,各医療機関の手術件数の分布,90ﾊﾟｰｾﾝﾀｲﾙ,843
2021,1. 全手術手技合計,ALL,全手術手技合計,年齢,平均値,66.36693634
2021,1. 全手術手技合計,ALL,全手術手技合計,年齢,中央値,71
2021,1. 全手術手技合計,ALL,全手術手技合計,手術件数,男,148294
2021,1. 全手術手技合計,ALL,全手術手技合計,手術件数,女,143664
2021,1. 全手術手技合計,ALL,全手術手技合計,手術件数,内視鏡有,
2021,1. 全手術手技合計,ALL,全手術手技合計,手術件数,内視鏡無,
2021,1. 全手術手技合計,ALL,全手術手技合計,手術件数,緊急,
2021,1. 全手術手技合計,ALL,全手術手技合計,手術件数,待機,
2021,1. 全手術手技合計,ALL,全手術手技合計,手術件数,埋入物有,
2021,1. 全手術手技合計,ALL,全手術手技合計,手術件数,埋入物無,
2021,1. 全手術手技合計,ALL,全手術手技合計,SSI件数,合計,12227
2021,1. 全手術手技合計,ALL,全手術手技合計,SSI発生率,全体,4.187931141
2021,1. 全手術手技合計,ALL,全手術手技合計,各医療機関のSSI発生率の分布,10ﾊﾟｰｾﾝﾀｲﾙ,
2021,1. 全手術手技合計,ALL,全手術手技合計,各医療機関のSSI発生率の分布,25ﾊﾟｰｾﾝﾀｲﾙ,
2021,1. 全手術手技合計,ALL,全手術手技合計,各医療機関のSSI発生率の分布,50ﾊﾟｰｾﾝﾀｲﾙ,
2021,1. 全手術手技合計,ALL,全手術手技合計,各医療機関のSSI発生率の分布,75ﾊﾟｰｾﾝﾀｲﾙ,
2021,1. 全手術手技合計,ALL,全手術手技合計,各医療機関のSSI発生率の分布,90ﾊﾟｰｾﾝﾀｲﾙ,
2021,1. 全手術手技合計,ALL,全手術手技合計,SSI件数,男,
2021,1. 全手術手技合計,ALL,全手術手技合計,SSI件数,女,
2021,1. 全手術手技合計,ALL,全手術手技合計,SSI件数,内視鏡有,
2021,1. 全手術手技合計,ALL,全手術手技合計,SSI件数,内視鏡無,
2021,1. 全手術手技合計,ALL,全手術手技合計,SSI件数,緊急,
2021,1. 全手術手技合計,ALL,全手術手技合計,SSI件数,待機,
2021,1. 全手術手技合計,ALL,全手術手技合計,SSI件数,埋入物有,
2021,1. 全手術手技合計,ALL,全手術手技合計,SSI件数,埋入物無,
2021,1. 全手術手技合計,ALL,全手術手技合計,SSI件数,感染部位（表層切開創）,
2021,1. 全手術手技合計,ALL,全手術手技合計,SSI件数,感染部位（深部切開創）,
2021,1. 全手術手技合計,ALL,全手術手技合計,SSI件数,感染部位（臓器/体腔）,
2021,2. 消化器外科系手術,APPY,虫垂の手術,集計対象医療機関数,合計,373
2021,2. 消化器外科系手術,APPY,虫垂の手術,手術件数,合計,13007
2021,2. 消化器外科系手術,APPY,虫垂の手術,各医療機関の手術件数の分布,10ﾊﾟｰｾﾝﾀｲﾙ,7
2021,2. 消化器外科系手術,APPY,虫垂の手術,各医療機関の手術件数の分布,25ﾊﾟｰｾﾝﾀｲﾙ,15
2021,2. 消化器外科系手術,APPY,虫垂の手術,各医療機関の手術件数の分布,50ﾊﾟｰｾﾝﾀｲﾙ,29
2021,2. 消化器外科系手術,APPY,虫垂の手術,各医療機関の手術件数の分布,75ﾊﾟｰｾﾝﾀｲﾙ,47
2021,2. 消化器外科系手術,APPY,虫垂の手術,各医療機関の手術件数の分布,90ﾊﾟｰｾﾝﾀｲﾙ,71
2021,2. 消化器外科系手術,APPY,虫垂の手術,年齢,平均値,44.59237334
2021,2. 消化器外科系手術,APPY,虫垂の手術,年齢,中央値,44
2021,2. 消化器外科系手術,APPY,虫垂の手術,手術件数,男,7235
2021,2. 消化器外科系手術,APPY,虫垂の手術,手術件数,女,5772
2021,2. 消化器外科系手術,APPY,虫垂の手術,手術件数,内視鏡有,10853
2021,2. 消化器外科系手術,APPY,虫垂の手術,手術件数,内視鏡無,2154
2021,2. 消化器外科系手術,APPY,虫垂の手術,手術件数,緊急,9002
2021,2. 消化器外科系手術,APPY,虫垂の手術,手術件数,待機,4005
2021,2. 消化器外科系手術,APPY,虫垂の手術,手術件数,埋入物有,138
2021,2. 消化器外科系手術,APPY,虫垂の手術,手術件数,埋入物無,12869
2021,2. 消化器外科系手術,APPY,虫垂の手術,SSI件数,合計,482
2021,2. 消化器外科系手術,APPY,虫垂の手術,SSI発生率,全体,3.705696932
2021,2. 消化器外科系手術,APPY,虫垂の手術,各医療機関のSSI発生率の分布,10ﾊﾟｰｾﾝﾀｲﾙ,0
2021,2. 消化器外科系手術,APPY,虫垂の手術,各医療機関のSSI発生率の分布,25ﾊﾟｰｾﾝﾀｲﾙ,0
2021,2. 消化器外科系手術,APPY,虫垂の手術,各医療機関のSSI発生率の分布,50ﾊﾟｰｾﾝﾀｲﾙ,1.7
2021,2. 消化器外科系手術,APPY,虫垂の手術,各医療機関のSSI発生率の分布,75ﾊﾟｰｾﾝﾀｲﾙ,6.1
2021,2. 消化器外科系手術,APPY,虫垂の手術,各医療機関のSSI発生率の分布,90ﾊﾟｰｾﾝﾀｲﾙ,11.2
2021,2. 消化器外科系手術,APPY,虫垂の手術,SSI件数,男,259
2021,2. 消化器外科系手術,APPY,虫垂の手術,SSI件数,女,223
2021,2. 消化器外科系手術,APPY,虫垂の手術,SSI件数,内視鏡有,357
2021,2. 消化器外科系手術,APPY,虫垂の手術,SSI件数,内視鏡無,125
2021,2. 消化器外科系手術,APPY,虫垂の手術,SSI件数,緊急,374
2021,2. 消化器外科系手術,APPY,虫垂の手術,SSI件数,待機,108
2021,2. 消化器外科系手術,APPY,虫垂の手術,SSI件数,埋入物有,5
2021,2. 消化器外科系手術,APPY,虫垂の手術,SSI件数,埋入物無,477
2021,2. 消化器外科系手術,APPY,虫垂の手術,SSI件数,感染部位（表層切開創）,299
2021,2. 消化器外科系手術,APPY,虫垂の手術,SSI件数,感染部位（深部切開創）,45
2021,2. 消化器外科系手術,APPY,虫垂の手術,SSI件数,感染部位（臓器/体腔）,138
2021,2. 消化器外科系手術,BILI合計,,集計対象医療機関数,合計,314
2021,2. 消化器外科系手術,BILI合計,,手術件数,合計,11217
2021,2. 消化器外科系手術,BILI合計,,各医療機関の手術件数の分布,10ﾊﾟｰｾﾝﾀｲﾙ,2
2021,2. 消化器外科系手術,BILI合計,,各医療機関の手術件数の分布,25ﾊﾟｰｾﾝﾀｲﾙ,5
2021,2. 消化器外科系手術,BILI合計,,各医療機関の手術件数の分布,50ﾊﾟｰｾﾝﾀｲﾙ,20
2021,2. 消化器外科系手術,BILI合計,,各医療機関の手術件数の分布,75ﾊﾟｰｾﾝﾀｲﾙ,47
2021,2. 消化器外科系手術,BILI合計,,各医療機関の手術件数の分布,90ﾊﾟｰｾﾝﾀｲﾙ,87
2021,2. 消化器外科系手術,BILI合計,,年齢,平均値,69.33912811
2021,2. 消化器外科系手術,BILI合計,,年齢,中央値,72
2021,2. 消化器外科系手術,BILI合計,,手術件数,男,6909
2021,2. 消化器外科系手術,BILI合計,,手術件数,女,4308
2021,2. 消化器外科系手術,BILI合計,,手術件数,内視鏡有,3001
2021,2. 消化器外科系手術,BILI合計,,手術件数,内視鏡無,8216
2021,2. 消化器外科系手術,BILI合計,,手術件数,緊急,193
2021,2. 消化器外科系手術,BILI合計,,手術件数,待機,11024
2021,2. 消化器外科系手術,BILI合計,,手術件数,埋入物有,236
2021,2. 消化器外科系手術,BILI合計,,手術件数,埋入物無,10981
2021,2. 消化器外科系手術,BILI合計,,SSI件数,合計,1463
2021,2. 消化器外科系手術,BILI合計,,SSI発生率,全体,13.04270304
2021,2. 消化器外科系手術,BILI合計,,各医療機関のSSI発生率の分布,10ﾊﾟｰｾﾝﾀｲﾙ,0
2021,2. 消化器外科系手術,BILI合計,,各医療機関のSSI発生率の分布,25ﾊﾟｰｾﾝﾀｲﾙ,0
2021,2. 消化器外科系手術,BILI合計,,各医療機関のSSI発生率の分布,50ﾊﾟｰｾﾝﾀｲﾙ,9.1
2021,2. 消化器外科系手術,BILI合計,,各医療機関のSSI発生率の分布,75ﾊﾟｰｾﾝﾀｲﾙ,17.9
2021,2. 消化器外科系手術,BILI合計,,各医療機関のSSI発生率の分布,90ﾊﾟｰｾﾝﾀｲﾙ,27.5
2021,2. 消化器外科系手術,BILI合計,,SSI件数,男,982
2021,2. 消化器外科系手術,BILI合計,,SSI件数,女,481
2021,2. 消化器外科系手術,BILI合計,,SSI件数,内視鏡有,163
2021,2. 消化器外科系手術,BILI合計,,SSI件数,内視鏡無,1300
2021,2. 消化器外科系手術,BILI合計,,SSI件数,緊急,29
2021,2. 消化器外科系手術,BILI合計,,SSI件数,待機,1434
2021,2. 消化器外科系手術,BILI合計,,SSI件数,埋入物有,22
2021,2. 消化器外科系手術,BILI合計,,SSI件数,埋入物無,1441
2021,2. 消化器外科系手術,BILI合計,,SSI件数,感染部位（表層切開創）,291
2021,2. 消化器外科系手術,BILI合計,,SSI件数,感染部位（深部切開創）,145
2021,2. 消化器外科系手術,BILI合計,,SSI件数,感染部位（臓器/体腔）,1027
2021,2. 消化器外科系手術,BILI-L,胆道再建を伴わない肝切除,集計対象医療機関数,合計,265
2021,2. 消化器外科系手術,BILI-L,胆道再建を伴わない肝切除,手術件数,合計,4868
2021,2. 消化器外科系手術,BILI-L,胆道再建を伴わない肝切除,各医療機関の手術件数の分布,10ﾊﾟｰｾﾝﾀｲﾙ,1
2021,2. 消化器外科系手術,BILI-L,胆道再建を伴わない肝切除,各医療機関の手術件数の分布,25ﾊﾟｰｾﾝﾀｲﾙ,3
2021,2. 消化器外科系手術,BILI-L,胆道再建を伴わない肝切除,各医療機関の手術件数の分布,50ﾊﾟｰｾﾝﾀｲﾙ,11
2021,2. 消化器外科系手術,BILI-L,胆道再建を伴わない肝切除,各医療機関の手術件数の分布,75ﾊﾟｰｾﾝﾀｲﾙ,24
2021,2. 消化器外科系手術,BILI-L,胆道再建を伴わない肝切除,各医療機関の手術件数の分布,90ﾊﾟｰｾﾝﾀｲﾙ,45
2021,2. 消化器外科系手術,BILI-L,胆道再建を伴わない肝切除,年齢,平均値,69.34490551
2021,2. 消化器外科系手術,BILI-L,胆道再建を伴わない肝切除,年齢,中央値,71
2021,2. 消化器外科系手術,BILI-L,胆道再建を伴わない肝切除,手術件数,男,3343
2021,2. 消化器外科系手術,BILI-L,胆道再建を伴わない肝切除,手術件数,女,1525
2021,2. 消化器外科系手術,BILI-L,胆道再建を伴わない肝切除,手術件数,内視鏡有,1863
2021,2. 消化器外科系手術,BILI-L,胆道再建を伴わない肝切除,手術件数,内視鏡無,3005
2021,2. 消化器外科系手術,BILI-L,胆道再建を伴わない肝切除,手術件数,緊急,54
2021,2. 消化器外科系手術,BILI-L,胆道再建を伴わない肝切除,手術件数,待機,4814
2021,2. 消化器外科系手術,BILI-L,胆道再建を伴わない肝切除,手術件数,埋入物有,76
2021,2. 消化器外科系手術,BILI-L,胆道再建を伴わない肝切除,手術件数,埋入物無,4792
2021,2. 消化器外科系手術,BILI-L,胆道再建を伴わない肝切除,SSI件数,合計,306
2021,2. 消化器外科系手術,BILI-L,胆道再建を伴わない肝切除,SSI発生率,全体,6.285949055
2021,2. 消化器外科系手術,BILI-L,胆道再建を伴わない肝切除,各医療機関のSSI発生率の分布,10ﾊﾟｰｾﾝﾀｲﾙ,0
2021,2. 消化器外科系手術,BILI-L,胆道再建を伴わない肝切除,各医療機関のSSI発生率の分布,25ﾊﾟｰｾﾝﾀｲﾙ,0
2021,2. 消化器外科系手術,BILI-L,胆道再建を伴わない肝切除,各医療機関のSSI発生率の分布,50ﾊﾟｰｾﾝﾀｲﾙ,0
2021,2. 消化器外科系手術,BILI-L,胆道再建を伴わない肝切除,各医療機関のSSI発生率の分布,75ﾊﾟｰｾﾝﾀｲﾙ,9.1
2021,2. 消化器外科系手術,BILI-L,胆道再建を伴わない肝切除,各医療機関のSSI発生率の分布,90ﾊﾟｰｾﾝﾀｲﾙ,16.7
2021,2. 消化器外科系手術,BILI-L,胆道再建を伴わない肝切除,SSI件数,男,234
2021,2. 消化器外科系手術,BILI-L,胆道再建を伴わない肝切除,SSI件数,女,72
2021,2. 消化器外科系手術,BILI-L,胆道再建を伴わない肝切除,SSI件数,内視鏡有,65
2021,2. 消化器外科系手術,BILI-L,胆道再建を伴わない肝切除,SSI件数,内視鏡無,241
2021,2. 消化器外科系手術,BILI-L,胆道再建を伴わない肝切除,SSI件数,緊急,8
2021,2. 消化器外科系手術,BILI-L,胆道再建を伴わない肝切除,SSI件数,待機,298
2021,2. 消化器外科系手術,BILI-L,胆道再建を伴わない肝切除,SSI件数,埋入物有,0
2021,2. 消化器外科系手術,BILI-L,胆道再建を伴わない肝切除,SSI件数,埋入物無,306
2021,2. 消化器外科系手術,BILI-L,胆道再建を伴わない肝切除,SSI件数,感染部位（表層切開創）,91
2021,2. 消化器外科系手術,BILI-L,胆道再建を伴わない肝切除,SSI件数,感染部位（深部切開創）,34
2021,2. 消化器外科系手術,BILI-L,胆道再建を伴わない肝切除,SSI件数,感染部位（臓器/体腔）,181
2021,2. 消化器外科系手術,BILI-PD,膵頭十二指腸切除,集計対象医療機関数,合計,233
2021,2. 消化器外科系手術,BILI-PD,膵頭十二指腸切除,手術件数,合計,3068
2021,2. 消化器外科系手術,BILI-PD,膵頭十二指腸切除,各医療機関の手術件数の分布,10ﾊﾟｰｾﾝﾀｲﾙ,2
2021,2. 消化器外科系手術,BILI-PD,膵頭十二指腸切除,各医療機関の手術件数の分布,25ﾊﾟｰｾﾝﾀｲﾙ,3
2021,2. 消化器外科系手術,BILI-PD,膵頭十二指腸切除,各医療機関の手術件数の分布,50ﾊﾟｰｾﾝﾀｲﾙ,8
2021,2. 消化器外科系手術,BILI-PD,膵頭十二指腸切除,各医療機関の手術件数の分布,75ﾊﾟｰｾﾝﾀｲﾙ,17
2021,2. 消化器外科系手術,BILI-PD,膵頭十二指腸切除,各医療機関の手術件数の分布,90ﾊﾟｰｾﾝﾀｲﾙ,30
2021,2. 消化器外科系手術,BILI-PD,膵頭十二指腸切除,年齢,平均値,70.58246415
2021,2. 消化器外科系手術,BILI-PD,膵頭十二指腸切除,年齢,中央値,73
2021,2. 消化器外科系手術,BILI-PD,膵頭十二指腸切除,手術件数,男,1796
2021,2. 消化器外科系手術,BILI-PD,膵頭十二指腸切除,手術件数,女,1272
2021,2. 消化器外科系手術,BILI-PD,膵頭十二指腸切除,手術件数,内視鏡有,174
2021,2. 消化器外科系手術,BILI-PD,膵頭十二指腸切除,手術件数,内視鏡無,2894
2021,2. 消化器外科系手術,BILI-PD,膵頭十二指腸切除,手術件数,緊急,20
2021,2. 消化器外科系手術,BILI-PD,膵頭十二指腸切除,手術件数,待機,3048
2021,2. 消化器外科系手術,BILI-PD,膵頭十二指腸切除,手術件数,埋入物有,93
2021,2. 消化器外科系手術,BILI-PD,膵頭十二指腸切除,手術件数,埋入物無,2975
2021,2. 消化器外科系手術,BILI-PD,膵頭十二指腸切除,SSI件数,合計,697
2021,2. 消化器外科系手術,BILI-PD,膵頭十二指腸切除,SSI発生率,全体,22.71838331
2021,2. 消化器外科系手術,BILI-PD,膵頭十二指腸切除,各医療機関のSSI発生率の分布,10ﾊﾟｰｾﾝﾀｲﾙ,0
2021,2. 消化器外科系手術,BILI-PD,膵頭十二指腸切除,各医療機関のSSI発生率の分布,25ﾊﾟｰｾﾝﾀｲﾙ,0
2021,2. 消化器外科系手術,BILI-PD,膵頭十二指腸切除,各医療機関のSSI発生率の分布,50ﾊﾟｰｾﾝﾀｲﾙ,20.5
2021,2. 消化器外科系手術,BILI-PD,膵頭十二指腸切除,各医療機関のSSI発生率の分布,75ﾊﾟｰｾﾝﾀｲﾙ,36.9
2021,2. 消化器外科系手術,BILI-PD,膵頭十二指腸切除,各医療機関のSSI発生率の分布,90ﾊﾟｰｾﾝﾀｲﾙ,50
2021,2. 消化器外科系手術,BILI-PD,膵頭十二指腸切除,SSI件数,男,462
2021,2. 消化器外科系手術,BILI-PD,膵頭十二指腸切除,SSI件数,女,235
2021,2. 消化器外科系手術,BILI-PD,膵頭十二指腸切除,SSI件数,内視鏡有,23
2021,2. 消化器外科系手術,BILI-PD,膵頭十二指腸切除,SSI件数,内視鏡無,674
2021,2. 消化器外科系手術,BILI-PD,膵頭十二指腸切除,SSI件数,緊急,5
2021,2. 消化器外科系手術,BILI-PD,膵頭十二指腸切除,SSI件数,待機,692
2021,2. 消化器外科系手術,BILI-PD,膵頭十二指腸切除,SSI件数,埋入物有,12
2021,2. 消化器外科系手術,BILI-PD,膵頭十二指腸切除,SSI件数,埋入物無,685
2021,2. 消化器外科系手術,BILI-PD,膵頭十二指腸切除,SSI件数,感染部位（表層切開創）,119
2021,2. 消化器外科系手術,BILI-PD,膵頭十二指腸切除,SSI件数,感染部位（深部切開創）,67
2021,2. 消化器外科系手術,BILI-PD,膵頭十二指腸切除,SSI件数,感染部位（臓器/体腔）,511
2021,2. 消化器外科系手術,BILI-O,その他の肝胆膵手術,集計対象医療機関数,合計,275
2021,2. 消化器外科系手術,BILI-O,その他の肝胆膵手術,手術件数,合計,3281
2021,2. 消化器外科系手術,BILI-O,その他の肝胆膵手術,各医療機関の手術件数の分布,10ﾊﾟｰｾﾝﾀｲﾙ,1
2021,2. 消化器外科系手術,BILI-O,その他の肝胆膵手術,各医療機関の手術件数の分布,25ﾊﾟｰｾﾝﾀｲﾙ,2
2021,2. 消化器外科系手術,BILI-O,その他の肝胆膵手術,各医療機関の手術件数の分布,50ﾊﾟｰｾﾝﾀｲﾙ,6
2021,2. 消化器外科系手術,BILI-O,その他の肝胆膵手術,各医療機関の手術件数の分布,75ﾊﾟｰｾﾝﾀｲﾙ,15
2021,2. 消化器外科系手術,BILI-O,その他の肝胆膵手術,各医療機関の手術件数の分布,90ﾊﾟｰｾﾝﾀｲﾙ,29
2021,2. 消化器外科系手術,BILI-O,その他の肝胆膵手術,年齢,平均値,68.1679366
2021,2. 消化器外科系手術,BILI-O,その他の肝胆膵手術,年齢,中央値,72
2021,2. 消化器外科系手術,BILI-O,その他の肝胆膵手術,手術件数,男,1770
2021,2. 消化器外科系手術,BILI-O,その他の肝胆膵手術,手術件数,女,1511
2021,2. 消化器外科系手術,BILI-O,その他の肝胆膵手術,手術件数,内視鏡有,964
2021,2. 消化器外科系手術,BILI-O,その他の肝胆膵手術,手術件数,内視鏡無,2317
2021,2. 消化器外科系手術,BILI-O,その他の肝胆膵手術,手術件数,緊急,119
2021,2. 消化器外科系手術,BILI-O,その他の肝胆膵手術,手術件数,待機,3162
2021,2. 消化器外科系手術,BILI-O,その他の肝胆膵手術,手術件数,埋入物有,67
2021,2. 消化器外科系手術,BILI-O,その他の肝胆膵手術,手術件数,埋入物無,3214
2021,2. 消化器外科系手術,BILI-O,その他の肝胆膵手術,SSI件数,合計,460
2021,2. 消化器外科系手術,BILI-O,その他の肝胆膵手術,SSI発生率,全体,14.02011582
2021,2. 消化器外科系手術,BILI-O,その他の肝胆膵手術,各医療機関のSSI発生率の分布,10ﾊﾟｰｾﾝﾀｲﾙ,0
2021,2. 消化器外科系手術,BILI-O,その他の肝胆膵手術,各医療機関のSSI発生率の分布,25ﾊﾟｰｾﾝﾀｲﾙ,0
2021,2. 消化器外科系手術,BILI-O,その他の肝胆膵手術,各医療機関のSSI発生率の分布,50ﾊﾟｰｾﾝﾀｲﾙ,3.9
2021,2. 消化器外科系手術,BILI-O,その他の肝胆膵手術,各医療機関のSSI発生率の分布,75ﾊﾟｰｾﾝﾀｲﾙ,18.8
2021,2. 消化器外科系手術,BILI-O,その他の肝胆膵手術,各医療機関のSSI発生率の分布,90ﾊﾟｰｾﾝﾀｲﾙ,33.4
2021,2. 消化器外科系手術,BILI-O,その他の肝胆膵手術,SSI件数,男,286
2021,2. 消化器外科系手術,BILI-O,その他の肝胆膵手術,SSI件数,女,174
2021,2. 消化器外科系手術,BILI-O,その他の肝胆膵手術,SSI件数,内視鏡有,75
2021,2. 消化器外科系手術,BILI-O,その他の肝胆膵手術,SSI件数,内視鏡無,385
2021,2. 消化器外科系手術,BILI-O,その他の肝胆膵手術,SSI件数,緊急,16
2021,2. 消化器外科系手術,BILI-O,その他の肝胆膵手術,SSI件数,待機,444
2021,2. 消化器外科系手術,BILI-O,その他の肝胆膵手術,SSI件数,埋入物有,10
2021,2. 消化器外科系手術,BILI-O,その他の肝胆膵手術,SSI件数,埋入物無,450
2021,2. 消化器外科系手術,BILI-O,その他の肝胆膵手術,SSI件数,感染部位（表層切開創）,81
2021,2. 消化器外科系手術,BILI-O,その他の肝胆膵手術,SSI件数,感染部位（深部切開創）,44
2021,2. 消化器外科系手術,BILI-O,その他の肝胆膵手術,SSI件数,感染部位（臓器/体腔）,335
2021,2. 消化器外科系手術,CHOL,胆嚢手術,集計対象医療機関数,合計,385
2021,2. 消化器外科系手術,CHOL,胆嚢手術,手術件数,合計,27448
2021,2. 消化器外科系手術,CHOL,胆嚢手術,各医療機関の手術件数の分布,10ﾊﾟｰｾﾝﾀｲﾙ,15
2021,2. 消化器外科系手術,CHOL,胆嚢手術,各医療機関の手術件数の分布,25ﾊﾟｰｾﾝﾀｲﾙ,32
2021,2. 消化器外科系手術,CHOL,胆嚢手術,各医療機関の手術件数の分布,50ﾊﾟｰｾﾝﾀｲﾙ,60
2021,2. 消化器外科系手術,CHOL,胆嚢手術,各医療機関の手術件数の分布,75ﾊﾟｰｾﾝﾀｲﾙ,101
2021,2. 消化器外科系手術,CHOL,胆嚢手術,各医療機関の手術件数の分布,90ﾊﾟｰｾﾝﾀｲﾙ,141
2021,2. 消化器外科系手術,CHOL,胆嚢手術,年齢,平均値,65.20096182
2021,2. 消化器外科系手術,CHOL,胆嚢手術,年齢,中央値,68
2021,2. 消化器外科系手術,CHOL,胆嚢手術,手術件数,男,14841
2021,2. 消化器外科系手術,CHOL,胆嚢手術,手術件数,女,12607
2021,2. 消化器外科系手術,CHOL,胆嚢手術,手術件数,内視鏡有,23794
2021,2. 消化器外科系手術,CHOL,胆嚢手術,手術件数,内視鏡無,3654
2021,2. 消化器外科系手術,CHOL,胆嚢手術,手術件数,緊急,5208
2021,2. 消化器外科系手術,CHOL,胆嚢手術,手術件数,待機,22240
2021,2. 消化器外科系手術,CHOL,胆嚢手術,手術件数,埋入物有,472
2021,2. 消化器外科系手術,CHOL,胆嚢手術,手術件数,埋入物無,26976
2021,2. 消化器外科系手術,CHOL,胆嚢手術,SSI件数,合計,645
2021,2. 消化器外科系手術,CHOL,胆嚢手術,SSI発生率,全体,2.349897989
2021,2. 消化器外科系手術,CHOL,胆嚢手術,各医療機関のSSI発生率の分布,10ﾊﾟｰｾﾝﾀｲﾙ,0
2021,2. 消化器外科系手術,CHOL,胆嚢手術,各医療機関のSSI発生率の分布,25ﾊﾟｰｾﾝﾀｲﾙ,0
2021,2. 消化器外科系手術,CHOL,胆嚢手術,各医療機関のSSI発生率の分布,50ﾊﾟｰｾﾝﾀｲﾙ,1.3
2021,2. 消化器外科系手術,CHOL,胆嚢手術,各医療機関のSSI発生率の分布,75ﾊﾟｰｾﾝﾀｲﾙ,3.4
2021,2. 消化器外科系手術,CHOL,胆嚢手術,各医療機関のSSI発生率の分布,90ﾊﾟｰｾﾝﾀｲﾙ,6.2
2021,2. 消化器外科系手術,CHOL,胆嚢手術,SSI件数,男,378
2021,2. 消化器外科系手術,CHOL,胆嚢手術,SSI件数,女,267
2021,2. 消化器外科系手術,CHOL,胆嚢手術,SSI件数,内視鏡有,409
2021,2. 消化器外科系手術,CHOL,胆嚢手術,SSI件数,内視鏡無,236
2021,2. 消化器外科系手術,CHOL,胆嚢手術,SSI件数,緊急,137
2021,2. 消化器外科系手術,CHOL,胆嚢手術,SSI件数,待機,508
2021,2. 消化器外科系手術,CHOL,胆嚢手術,SSI件数,埋入物有,8
2021,2. 消化器外科系手術,CHOL,胆嚢手術,SSI件数,埋入物無,637
2021,2. 消化器外科系手術,CHOL,胆嚢手術,SSI件数,感染部位（表層切開創）,426
2021,2. 消化器外科系手術,CHOL,胆嚢手術,SSI件数,感染部位（深部切開創）,53
2021,2. 消化器外科系手術,CHOL,胆嚢手術,SSI件数,感染部位（臓器/体腔）,166
2021,2. 消化器外科系手術,COLO,大腸手術,集計対象医療機関数,合計,599
2021,2. 消化器外科系手術,COLO,大腸手術,手術件数,合計,45775
2021,2. 消化器外科系手術,COLO,大腸手術,各医療機関の手術件数の分布,10ﾊﾟｰｾﾝﾀｲﾙ,21
2021,2. 消化器外科系手術,COLO,大腸手術,各医療機関の手術件数の分布,25ﾊﾟｰｾﾝﾀｲﾙ,36
2021,2. 消化器外科系手術,COLO,大腸手術,各医療機関の手術件数の分布,50ﾊﾟｰｾﾝﾀｲﾙ,63
2021,2. 消化器外科系手術,COLO,大腸手術,各医療機関の手術件数の分布,75ﾊﾟｰｾﾝﾀｲﾙ,105
2021,2. 消化器外科系手術,COLO,大腸手術,各医療機関の手術件数の分布,90ﾊﾟｰｾﾝﾀｲﾙ,146
2021,2. 消化器外科系手術,COLO,大腸手術,年齢,平均値,70.74776625
2021,2. 消化器外科系手術,COLO,大腸手術,年齢,中央値,73
2021,2. 消化器外科系手術,COLO,大腸手術,手術件数,男,25289
2021,2. 消化器外科系手術,COLO,大腸手術,手術件数,女,20486
2021,2. 消化器外科系手術,COLO,大腸手術,手術件数,内視鏡有,27482
2021,2. 消化器外科系手術,COLO,大腸手術,手術件数,内視鏡無,18293
2021,2. 消化器外科系手術,COLO,大腸手術,手術件数,緊急,7153
2021,2. 消化器外科系手術,COLO,大腸手術,手術件数,待機,38622
2021,2. 消化器外科系手術,COLO,大腸手術,手術件数,埋入物有,730
2021,2. 消化器外科系手術,COLO,大腸手術,手術件数,埋入物無,45045
2021,2. 消化器外科系手術,COLO,大腸手術,SSI件数,合計,3910
2021,2. 消化器外科系手術,COLO,大腸手術,SSI発生率,全体,8.541780448
2021,2. 消化器外科系手術,COLO,大腸手術,各医療機関のSSI発生率の分布,10ﾊﾟｰｾﾝﾀｲﾙ,1.2
2021,2. 消化器外科系手術,COLO,大腸手術,各医療機関のSSI発生率の分布,25ﾊﾟｰｾﾝﾀｲﾙ,4.3
2021,2. 消化器外科系手術,COLO,大腸手術,各医療機関のSSI発生率の分布,50ﾊﾟｰｾﾝﾀｲﾙ,7.7
2021,2. 消化器外科系手術,COLO,大腸手術,各医療機関のSSI発生率の分布,75ﾊﾟｰｾﾝﾀｲﾙ,12.1
2021,2. 消化器外科系手術,COLO,大腸手術,各医療機関のSSI発生率の分布,90ﾊﾟｰｾﾝﾀｲﾙ,16.7
2021,2. 消化器外科系手術,COLO,大腸手術,SSI件数,男,2356
2021,2. 消化器外科系手術,COLO,大腸手術,SSI件数,女,1554
2021,2. 消化器外科系手術,COLO,大腸手術,SSI件数,内視鏡有,1595
2021,2. 消化器外科系手術,COLO,大腸手術,SSI件数,内視鏡無,2315
2021,2. 消化器外科系手術,COLO,大腸手術,SSI件数,緊急,1111
2021,2. 消化器外科系手術,COLO,大腸手術,SSI件数,待機,2799
2021,2. 消化器外科系手術,COLO,大腸手術,SSI件数,埋入物有,47
2021,2. 消化器外科系手術,COLO,大腸手術,SSI件数,埋入物無,3863
2021,2. 消化器外科系手術,COLO,大腸手術,SSI件数,感染部位（表層切開創）,2372
2021,2. 消化器外科系手術,COLO,大腸手術,SSI件数,感染部位（深部切開創）,405
2021,2. 消化器外科系手術,COLO,大腸手術,SSI件数,感染部位（臓器/体腔）,1133
2021,2. 消化器外科系手術,ESOP,食道手術,集計対象医療機関数,合計,149
2021,2. 消化器外科系手術,ESOP,食道手術,手術件数,合計,1622
2021,2. 消化器外科系手術,ESOP,食道手術,各医療機関の手術件数の分布,10ﾊﾟｰｾﾝﾀｲﾙ,1
2021,2. 消化器外科系手術,ESOP,食道手術,各医療機関の手術件数の分布,25ﾊﾟｰｾﾝﾀｲﾙ,2
2021,2. 消化器外科系手術,ESOP,食道手術,各医療機関の手術件数の分布,50ﾊﾟｰｾﾝﾀｲﾙ,4
2021,2. 消化器外科系手術,ESOP,食道手術,各医療機関の手術件数の分布,75ﾊﾟｰｾﾝﾀｲﾙ,10
2021,2. 消化器外科系手術,ESOP,食道手術,各医療機関の手術件数の分布,90ﾊﾟｰｾﾝﾀｲﾙ,19
2021,2. 消化器外科系手術,ESOP,食道手術,年齢,平均値,68.11960543
2021,2. 消化器外科系手術,ESOP,食道手術,年齢,中央値,70
2021,2. 消化器外科系手術,ESOP,食道手術,手術件数,男,1267
2021,2. 消化器外科系手術,ESOP,食道手術,手術件数,女,355
2021,2. 消化器外科系手術,ESOP,食道手術,手術件数,内視鏡有,1300
2021,2. 消化器外科系手術,ESOP,食道手術,手術件数,内視鏡無,322
2021,2. 消化器外科系手術,ESOP,食道手術,手術件数,緊急,56
2021,2. 消化器外科系手術,ESOP,食道手術,手術件数,待機,1566
2021,2. 消化器外科系手術,ESOP,食道手術,手術件数,埋入物有,20
2021,2. 消化器外科系手術,ESOP,食道手術,手術件数,埋入物無,1602
2021,2. 消化器外科系手術,ESOP,食道手術,SSI件数,合計,244
2021,2. 消化器外科系手術,ESOP,食道手術,SSI発生率,全体,15.0431566
2021,2. 消化器外科系手術,ESOP,食道手術,各医療機関のSSI発生率の分布,10ﾊﾟｰｾﾝﾀｲﾙ,0
2021,2. 消化器外科系手術,ESOP,食道手術,各医療機関のSSI発生率の分布,25ﾊﾟｰｾﾝﾀｲﾙ,0
2021,2. 消化器外科系手術,ESOP,食道手術,各医療機関のSSI発生率の分布,50ﾊﾟｰｾﾝﾀｲﾙ,0
2021,2. 消化器外科系手術,ESOP,食道手術,各医療機関のSSI発生率の分布,75ﾊﾟｰｾﾝﾀｲﾙ,23.1
2021,2. 消化器外科系手術,ESOP,食道手術,各医療機関のSSI発生率の分布,90ﾊﾟｰｾﾝﾀｲﾙ,34.2
2021,2. 消化器外科系手術,ESOP,食道手術,SSI件数,男,193
2021,2. 消化器外科系手術,ESOP,食道手術,SSI件数,女,51
2021,2. 消化器外科系手術,ESOP,食道手術,SSI件数,内視鏡有,188
2021,2. 消化器外科系手術,ESOP,食道手術,SSI件数,内視鏡無,56
2021,2. 消化器外科系手術,ESOP,食道手術,SSI件数,緊急,5
2021,2. 消化器外科系手術,ESOP,食道手術,SSI件数,待機,239
2021,2. 消化器外科系手術,ESOP,食道手術,SSI件数,埋入物有,2
2021,2. 消化器外科系手術,ESOP,食道手術,SSI件数,埋入物無,242
2021,2. 消化器外科系手術,ESOP,食道手術,SSI件数,感染部位（表層切開創）,66
2021,2. 消化器外科系手術,ESOP,食道手術,SSI件数,感染部位（深部切開創）,65
2021,2. 消化器外科系手術,ESOP,食道手術,SSI件数,感染部位（臓器/体腔）,113
2021,2. 消化器外科系手術,GAST合計,,集計対象医療機関数,合計,444
2021,2. 消化器外科系手術,GAST合計,,手術件数,合計,15338
2021,2. 消化器外科系手術,GAST合計,,各医療機関の手術件数の分布,10ﾊﾟｰｾﾝﾀｲﾙ,5
2021,2. 消化器外科系手術,GAST合計,,各医療機関の手術件数の分布,25ﾊﾟｰｾﾝﾀｲﾙ,13
2021,2. 消化器外科系手術,GAST合計,,各医療機関の手術件数の分布,50ﾊﾟｰｾﾝﾀｲﾙ,25
2021,2. 消化器外科系手術,GAST合計,,各医療機関の手術件数の分布,75ﾊﾟｰｾﾝﾀｲﾙ,49
2021,2. 消化器外科系手術,GAST合計,,各医療機関の手術件数の分布,90ﾊﾟｰｾﾝﾀｲﾙ,72
2021,2. 消化器外科系手術,GAST合計,,年齢,平均値,71.58306168
2021,2. 消化器外科系手術,GAST合計,,年齢,中央値,73
2021,2. 消化器外科系手術,GAST合計,,手術件数,男,10292
2021,2. 消化器外科系手術,GAST合計,,手術件数,女,5046
2021,2. 消化器外科系手術,GAST合計,,手術件数,内視鏡有,8391
2021,2. 消化器外科系手術,GAST合計,,手術件数,内視鏡無,6947
2021,2. 消化器外科系手術,GAST合計,,手術件数,緊急,1084
2021,2. 消化器外科系手術,GAST合計,,手術件数,待機,14254
2021,2. 消化器外科系手術,GAST合計,,手術件数,埋入物有,212
2021,2. 消化器外科系手術,GAST合計,,手術件数,埋入物無,15126
2021,2. 消化器外科系手術,GAST合計,,SSI件数,合計,1116
2021,2. 消化器外科系手術,GAST合計,,SSI発生率,全体,7.276046421
2021,2. 消化器外科系手術,GAST合計,,各医療機関のSSI発生率の分布,10ﾊﾟｰｾﾝﾀｲﾙ,0
2021,2. 消化器外科系手術,GAST合計,,各医療機関のSSI発生率の分布,25ﾊﾟｰｾﾝﾀｲﾙ,0
2021,2. 消化器外科系手術,GAST合計,,各医療機関のSSI発生率の分布,50ﾊﾟｰｾﾝﾀｲﾙ,5
2021,2. 消化器外科系手術,GAST合計,,各医療機関のSSI発生率の分布,75ﾊﾟｰｾﾝﾀｲﾙ,10.4
2021,2. 消化器外科系手術,GAST合計,,各医療機関のSSI発生率の分布,90ﾊﾟｰｾﾝﾀｲﾙ,15.4
2021,2. 消化器外科系手術,GAST合計,,SSI件数,男,826
2021,2. 消化器外科系手術,GAST合計,,SSI件数,女,290
2021,2. 消化器外科系手術,GAST合計,,SSI件数,内視鏡有,459
2021,2. 消化器外科系手術,GAST合計,,SSI件数,内視鏡無,657
2021,2. 消化器外科系手術,GAST合計,,SSI件数,緊急,142
2021,2. 消化器外科系手術,GAST合計,,SSI件数,待機,974
2021,2. 消化器外科系手術,GAST合計,,SSI件数,埋入物有,7
2021,2. 消化器外科系手術,GAST合計,,SSI件数,埋入物無,1109
2021,2. 消化器外科系手術,GAST合計,,SSI件数,感染部位（表層切開創）,395
2021,2. 消化器外科系手術,GAST合計,,SSI件数,感染部位（深部切開創）,111
2021,2. 消化器外科系手術,GAST合計,,SSI件数,感染部位（臓器/体腔）,610
2021,2. 消化器外科系手術,GAST-D,幽門側胃切除,集計対象医療機関数,合計,405
2021,2. 消化器外科系手術,GAST-D,幽門側胃切除,手術件数,合計,7114
2021,2. 消化器外科系手術,GAST-D,幽門側胃切除,各医療機関の手術件数の分布,10ﾊﾟｰｾﾝﾀｲﾙ,3
2021,2. 消化器外科系手術,GAST-D,幽門側胃切除,各医療機関の手術件数の分布,25ﾊﾟｰｾﾝﾀｲﾙ,6
2021,2. 消化器外科系手術,GAST-D,幽門側胃切除,各医療機関の手術件数の分布,50ﾊﾟｰｾﾝﾀｲﾙ,13
2021,2. 消化器外科系手術,GAST-D,幽門側胃切除,各医療機関の手術件数の分布,75ﾊﾟｰｾﾝﾀｲﾙ,23
2021,2. 消化器外科系手術,GAST-D,幽門側胃切除,各医療機関の手術件数の分布,90ﾊﾟｰｾﾝﾀｲﾙ,37
2021,2. 消化器外科系手術,GAST-D,幽門側胃切除,年齢,平均値,72.49311217
2021,2. 消化器外科系手術,GAST-D,幽門側胃切除,年齢,中央値,74
2021,2. 消化器外科系手術,GAST-D,幽門側胃切除,手術件数,男,4718
2021,2. 消化器外科系手術,GAST-D,幽門側胃切除,手術件数,女,2396
2021,2. 消化器外科系手術,GAST-D,幽門側胃切除,手術件数,内視鏡有,4303
2021,2. 消化器外科系手術,GAST-D,幽門側胃切除,手術件数,内視鏡無,2811
2021,2. 消化器外科系手術,GAST-D,幽門側胃切除,手術件数,緊急,142
2021,2. 消化器外科系手術,GAST-D,幽門側胃切除,手術件数,待機,6972
2021,2. 消化器外科系手術,GAST-D,幽門側胃切除,手術件数,埋入物有,78
2021,2. 消化器外科系手術,GAST-D,幽門側胃切除,手術件数,埋入物無,7036
2021,2. 消化器外科系手術,GAST-D,幽門側胃切除,SSI件数,合計,426
2021,2. 消化器外科系手術,GAST-D,幽門側胃切除,SSI発生率,全体,5.988192297
2021,2. 消化器外科系手術,GAST-D,幽門側胃切除,各医療機関のSSI発生率の分布,10ﾊﾟｰｾﾝﾀｲﾙ,0
2021,2. 消化器外科系手術,GAST-D,幽門側胃切除,各医療機関のSSI発生率の分布,25ﾊﾟｰｾﾝﾀｲﾙ,0
2021,2. 消化器外科系手術,GAST-D,幽門側胃切除,各医療機関のSSI発生率の分布,50ﾊﾟｰｾﾝﾀｲﾙ,0
2021,2. 消化器外科系手術,GAST-D,幽門側胃切除,各医療機関のSSI発生率の分布,75ﾊﾟｰｾﾝﾀｲﾙ,9.1
2021,2. 消化器外科系手術,GAST-D,幽門側胃切除,各医療機関のSSI発生率の分布,90ﾊﾟｰｾﾝﾀｲﾙ,18.7
2021,2. 消化器外科系手術,GAST-D,幽門側胃切除,SSI件数,男,304
2021,2. 消化器外科系手術,GAST-D,幽門側胃切除,SSI件数,女,122
2021,2. 消化器外科系手術,GAST-D,幽門側胃切除,SSI件数,内視鏡有,210
2021,2. 消化器外科系手術,GAST-D,幽門側胃切除,SSI件数,内視鏡無,216
2021,2. 消化器外科系手術,GAST-D,幽門側胃切除,SSI件数,緊急,19
2021,2. 消化器外科系手術,GAST-D,幽門側胃切除,SSI件数,待機,407
2021,2. 消化器外科系手術,GAST-D,幽門側胃切除,SSI件数,埋入物有,1
2021,2. 消化器外科系手術,GAST-D,幽門側胃切除,SSI件数,埋入物無,425
2021,2. 消化器外科系手術,GAST-D,幽門側胃切除,SSI件数,感染部位（表層切開創）,158
2021,2. 消化器外科系手術,GAST-D,幽門側胃切除,SSI件数,感染部位（深部切開創）,40
2021,2. 消化器外科系手術,GAST-D,幽門側胃切除,SSI件数,感染部位（臓器/体腔）,228
2021,2. 消化器外科系手術,GAST-T,胃全摘,集計対象医療機関数,合計,408
2021,2. 消化器外科系手術,GAST-T,胃全摘,手術件数,合計,3252
2021,2. 消化器外科系手術,GAST-T,胃全摘,各医療機関の手術件数の分布,10ﾊﾟｰｾﾝﾀｲﾙ,1
2021,2. 消化器外科系手術,GAST-T,胃全摘,各医療機関の手術件数の分布,25ﾊﾟｰｾﾝﾀｲﾙ,3
2021,2. 消化器外科系手術,GAST-T,胃全摘,各医療機関の手術件数の分布,50ﾊﾟｰｾﾝﾀｲﾙ,6
2021,2. 消化器外科系手術,GAST-T,胃全摘,各医療機関の手術件数の分布,75ﾊﾟｰｾﾝﾀｲﾙ,10
2021,2. 消化器外科系手術,GAST-T,胃全摘,各医療機関の手術件数の分布,90ﾊﾟｰｾﾝﾀｲﾙ,18
2021,2. 消化器外科系手術,GAST-T,胃全摘,年齢,平均値,72.35824108
2021,2. 消化器外科系手術,GAST-T,胃全摘,年齢,中央値,74
2021,2. 消化器外科系手術,GAST-T,胃全摘,手術件数,男,2406
2021,2. 消化器外科系手術,GAST-T,胃全摘,手術件数,女,846
2021,2. 消化器外科系手術,GAST-T,胃全摘,手術件数,内視鏡有,1163
2021,2. 消化器外科系手術,GAST-T,胃全摘,手術件数,内視鏡無,2089
2021,2. 消化器外科系手術,GAST-T,胃全摘,手術件数,緊急,74
2021,2. 消化器外科系手術,GAST-T,胃全摘,手術件数,待機,3178
2021,2. 消化器外科系手術,GAST-T,胃全摘,手術件数,埋入物有,48
2021,2. 消化器外科系手術,GAST-T,胃全摘,手術件数,埋入物無,3204
2021,2. 消化器外科系手術,GAST-T,胃全摘,SSI件数,合計,338
2021,2. 消化器外科系手術,GAST-T,胃全摘,SSI発生率,全体,10.39360394
2021,2. 消化器外科系手術,GAST-T,胃全摘,各医療機関のSSI発生率の分布,10ﾊﾟｰｾﾝﾀｲﾙ,0
2021,2. 消化器外科系手術,GAST-T,胃全摘,各医療機関のSSI発生率の分布,25ﾊﾟｰｾﾝﾀｲﾙ,0
2021,2. 消化器外科系手術,GAST-T,胃全摘,各医療機関のSSI発生率の分布,50ﾊﾟｰｾﾝﾀｲﾙ,0
2021,2. 消化器外科系手術,GAST-T,胃全摘,各医療機関のSSI発生率の分布,75ﾊﾟｰｾﾝﾀｲﾙ,14.3
2021,2. 消化器外科系手術,GAST-T,胃全摘,各医療機関のSSI発生率の分布,90ﾊﾟｰｾﾝﾀｲﾙ,28.6
2021,2. 消化器外科系手術,GAST-T,胃全摘,SSI件数,男,282
2021,2. 消化器外科系手術,GAST-T,胃全摘,SSI件数,女,56
2021,2. 消化器外科系手術,GAST-T,胃全摘,SSI件数,内視鏡有,96
2021,2. 消化器外科系手術,GAST-T,胃全摘,SSI件数,内視鏡無,242
2021,2. 消化器外科系手術,GAST-T,胃全摘,SSI件数,緊急,11
2021,2. 消化器外科系手術,GAST-T,胃全摘,SSI件数,待機,327
2021,2. 消化器外科系手術,GAST-T,胃全摘,SSI件数,埋入物有,5
2021,2. 消化器外科系手術,GAST-T,胃全摘,SSI件数,埋入物無,333
2021,2. 消化器外科系手術,GAST-T,胃全摘,SSI件数,感染部位（表層切開創）,82
2021,2. 消化器外科系手術,GAST-T,胃全摘,SSI件数,感染部位（深部切開創）,40
2021,2. 消化器外科系手術,GAST-T,胃全摘,SSI件数,感染部位（臓器/体腔）,216
2021,2. 消化器外科系手術,GAST-O,胃手術,集計対象医療機関数,合計,403
2021,2. 消化器外科系手術,GAST-O,胃手術,手術件数,合計,4972
2021,2. 消化器外科系手術,GAST-O,胃手術,各医療機関の手術件数の分布,10ﾊﾟｰｾﾝﾀｲﾙ,1
2021,2. 消化器外科系手術,GAST-O,胃手術,各医療機関の手術件数の分布,25ﾊﾟｰｾﾝﾀｲﾙ,4
2021,2. 消化器外科系手術,GAST-O,胃手術,各医療機関の手術件数の分布,50ﾊﾟｰｾﾝﾀｲﾙ,8
2021,2. 消化器外科系手術,GAST-O,胃手術,各医療機関の手術件数の分布,75ﾊﾟｰｾﾝﾀｲﾙ,17
2021,2. 消化器外科系手術,GAST-O,胃手術,各医療機関の手術件数の分布,90ﾊﾟｰｾﾝﾀｲﾙ,28
2021,2. 消化器外科系手術,GAST-O,胃手術,年齢,平均値,69.77393403
2021,2. 消化器外科系手術,GAST-O,胃手術,年齢,中央値,72
2021,2. 消化器外科系手術,GAST-O,胃手術,手術件数,男,3168
2021,2. 消化器外科系手術,GAST-O,胃手術,手術件数,女,1804
2021,2. 消化器外科系手術,GAST-O,胃手術,手術件数,内視鏡有,2925
2021,2. 消化器外科系手術,GAST-O,胃手術,手術件数,内視鏡無,2047
2021,2. 消化器外科系手術,GAST-O,胃手術,手術件数,緊急,868
2021,2. 消化器外科系手術,GAST-O,胃手術,手術件数,待機,4104
2021,2. 消化器外科系手術,GAST-O,胃手術,手術件数,埋入物有,86
2021,2. 消化器外科系手術,GAST-O,胃手術,手術件数,埋入物無,4886
2021,2. 消化器外科系手術,GAST-O,胃手術,SSI件数,合計,352
2021,2. 消化器外科系手術,GAST-O,胃手術,SSI発生率,全体,7.079646018
2021,2. 消化器外科系手術,GAST-O,胃手術,各医療機関のSSI発生率の分布,10ﾊﾟｰｾﾝﾀｲﾙ,0
2021,2. 消化器外科系手術,GAST-O,胃手術,各医療機関のSSI発生率の分布,25ﾊﾟｰｾﾝﾀｲﾙ,0
2021,2. 消化器外科系手術,GAST-O,胃手術,各医療機関のSSI発生率の分布,50ﾊﾟｰｾﾝﾀｲﾙ,0
2021,2. 消化器外科系手術,GAST-O,胃手術,各医療機関のSSI発生率の分布,75ﾊﾟｰｾﾝﾀｲﾙ,11.2
2021,2. 消化器外科系手術,GAST-O,胃手術,各医療機関のSSI発生率の分布,90ﾊﾟｰｾﾝﾀｲﾙ,20
2021,2. 消化器外科系手術,GAST-O,胃手術,SSI件数,男,240
2021,2. 消化器外科系手術,GAST-O,胃手術,SSI件数,女,112
2021,2. 消化器外科系手術,GAST-O,胃手術,SSI件数,内視鏡有,153
2021,2. 消化器外科系手術,GAST-O,胃手術,SSI件数,内視鏡無,199
2021,2. 消化器外科系手術,GAST-O,胃手術,SSI件数,緊急,112
2021,2. 消化器外科系手術,GAST-O,胃手術,SSI件数,待機,240
2021,2. 消化器外科系手術,GAST-O,胃手術,SSI件数,埋入物有,1
2021,2. 消化器外科系手術,GAST-O,胃手術,SSI件数,埋入物無,351
2021,2. 消化器外科系手術,GAST-O,胃手術,SSI件数,感染部位（表層切開創）,155
2021,2. 消化器外科系手術,GAST-O,胃手術,SSI件数,感染部位（深部切開創）,31
2021,2. 消化器外科系手術,GAST-O,胃手術,SSI件数,感染部位（臓器/体腔）,166
2021,2. 消化器外科系手術,HER,ヘルニア手術,集計対象医療機関数,合計,266
2021,2. 消化器外科系手術,HER,ヘルニア手術,手術件数,合計,16840
2021,2. 消化器外科系手術,HER,ヘルニア手術,各医療機関の手術件数の分布,10ﾊﾟｰｾﾝﾀｲﾙ,12
2021,2. 消化器外科系手術,HER,ヘルニア手術,各医療機関の手術件数の分布,25ﾊﾟｰｾﾝﾀｲﾙ,31
2021,2. 消化器外科系手術,HER,ヘルニア手術,各医療機関の手術件数の分布,50ﾊﾟｰｾﾝﾀｲﾙ,56
2021,2. 消化器外科系手術,HER,ヘルニア手術,各医療機関の手術件数の分布,75ﾊﾟｰｾﾝﾀｲﾙ,86
2021,2. 消化器外科系手術,HER,ヘルニア手術,各医療機関の手術件数の分布,90ﾊﾟｰｾﾝﾀｲﾙ,126
2021,2. 消化器外科系手術,HER,ヘルニア手術,年齢,平均値,65.52891924
2021,2. 消化器外科系手術,HER,ヘルニア手術,年齢,中央値,72
2021,2. 消化器外科系手術,HER,ヘルニア手術,手術件数,男,13513
2021,2. 消化器外科系手術,HER,ヘルニア手術,手術件数,女,3327
2021,2. 消化器外科系手術,HER,ヘルニア手術,手術件数,内視鏡有,8028
2021,2. 消化器外科系手術,HER,ヘルニア手術,手術件数,内視鏡無,8812
2021,2. 消化器外科系手術,HER,ヘルニア手術,手術件数,緊急,965
2021,2. 消化器外科系手術,HER,ヘルニア手術,手術件数,待機,15875
2021,2. 消化器外科系手術,HER,ヘルニア手術,手術件数,埋入物有,13421
2021,2. 消化器外科系手術,HER,ヘルニア手術,手術件数,埋入物無,3419
2021,2. 消化器外科系手術,HER,ヘルニア手術,SSI件数,合計,115
2021,2. 消化器外科系手術,HER,ヘルニア手術,SSI発生率,全体,0.682897862
2021,2. 消化器外科系手術,HER,ヘルニア手術,各医療機関のSSI発生率の分布,10ﾊﾟｰｾﾝﾀｲﾙ,0
2021,2. 消化器外科系手術,HER,ヘルニア手術,各医療機関のSSI発生率の分布,25ﾊﾟｰｾﾝﾀｲﾙ,0
2021,2. 消化器外科系手術,HER,ヘルニア手術,各医療機関のSSI発生率の分布,50ﾊﾟｰｾﾝﾀｲﾙ,0
2021,2. 消化器外科系手術,HER,ヘルニア手術,各医療機関のSSI発生率の分布,75ﾊﾟｰｾﾝﾀｲﾙ,0.7
2021,2. 消化器外科系手術,HER,ヘルニア手術,各医療機関のSSI発生率の分布,90ﾊﾟｰｾﾝﾀｲﾙ,2.3
2021,2. 消化器外科系手術,HER,ヘルニア手術,SSI件数,男,75
2021,2. 消化器外科系手術,HER,ヘルニア手術,SSI件数,女,40
2021,2. 消化器外科系手術,HER,ヘルニア手術,SSI件数,内視鏡有,66
2021,2. 消化器外科系手術,HER,ヘルニア手術,SSI件数,内視鏡無,49
2021,2. 消化器外科系手術,HER,ヘルニア手術,SSI件数,緊急,19
2021,2. 消化器外科系手術,HER,ヘルニア手術,SSI件数,待機,96
2021,2. 消化器外科系手術,HER,ヘルニア手術,SSI件数,埋入物有,84
2021,2. 消化器外科系手術,HER,ヘルニア手術,SSI件数,埋入物無,31
2021,2. 消化器外科系手術,HER,ヘルニア手術,SSI件数,感染部位（表層切開創）,97
2021,2. 消化器外科系手術,HER,ヘルニア手術,SSI件数,感染部位（深部切開創）,14
2021,2. 消化器外科系手術,HER,ヘルニア手術,SSI件数,感染部位（臓器/体腔）,4
2021,2. 消化器外科系手術,LTP,肝臓移植,集計対象医療機関数,合計,1
2021,2. 消化器外科系手術,LTP,肝臓移植,手術件数,合計,1
2021,2. 消化器外科系手術,LTP,肝臓移植,各医療機関の手術件数の分布,10ﾊﾟｰｾﾝﾀｲﾙ,1
2021,2. 消化器外科系手術,LTP,肝臓移植,各医療機関の手術件数の分布,25ﾊﾟｰｾﾝﾀｲﾙ,1
2021,2. 消化器外科系手術,LTP,肝臓移植,各医療機関の手術件数の分布,50ﾊﾟｰｾﾝﾀｲﾙ,1
2021,2. 消化器外科系手術,LTP,肝臓移植,各医療機関の手術件数の分布,75ﾊﾟｰｾﾝﾀｲﾙ,1
2021,2. 消化器外科系手術,LTP,肝臓移植,各医療機関の手術件数の分布,90ﾊﾟｰｾﾝﾀｲﾙ,1
2021,2. 消化器外科系手術,LTP,肝臓移植,年齢,平均値,63
2021,2. 消化器外科系手術,LTP,肝臓移植,年齢,中央値,63
2021,2. 消化器外科系手術,LTP,肝臓移植,手術件数,男,1
2021,2. 消化器外科系手術,LTP,肝臓移植,手術件数,女,0
2021,2. 消化器外科系手術,LTP,肝臓移植,手術件数,内視鏡有,0
2021,2. 消化器外科系手術,LTP,肝臓移植,手術件数,内視鏡無,1
2021,2. 消化器外科系手術,LTP,肝臓移植,手術件数,緊急,0
2021,2. 消化器外科系手術,LTP,肝臓移植,手術件数,待機,1
2021,2. 消化器外科系手術,LTP,肝臓移植,手術件数,埋入物有,0
2021,2. 消化器外科系手術,LTP,肝臓移植,手術件数,埋入物無,1
2021,2. 消化器外科系手術,LTP,肝臓移植,SSI件数,合計,0
2021,2. 消化器外科系手術,LTP,肝臓移植,SSI発生率,全体,0
2021,2. 消化器外科系手術,LTP,肝臓移植,各医療機関のSSI発生率の分布,10ﾊﾟｰｾﾝﾀｲﾙ,0
2021,2. 消化器外科系手術,LTP,肝臓移植,各医療機関のSSI発生率の分布,25ﾊﾟｰｾﾝﾀｲﾙ,0
2021,2. 消化器外科系手術,LTP,肝臓移植,各医療機関のSSI発生率の分布,50ﾊﾟｰｾﾝﾀｲﾙ,0
2021,2. 消化器外科系手術,LTP,肝臓移植,各医療機関のSSI発生率の分布,75ﾊﾟｰｾﾝﾀｲﾙ,0
2021,2. 消化器外科系手術,LTP,肝臓移植,各医療機関のSSI発生率の分布,90ﾊﾟｰｾﾝﾀｲﾙ,0
2021,2. 消化器外科系手術,LTP,肝臓移植,SSI件数,男,0
2021,2. 消化器外科系手術,LTP,肝臓移植,SSI件数,女,0
2021,2. 消化器外科系手術,LTP,肝臓移植,SSI件数,内視鏡有,0
2021,2. 消化器外科系手術,LTP,肝臓移植,SSI件数,内視鏡無,0
2021,2. 消化器外科系手術,LTP,肝臓移植,SSI件数,緊急,0
2021,2. 消化器外科系手術,LTP,肝臓移植,SSI件数,待機,0
2021,2. 消化器外科系手術,LTP,肝臓移植,SSI件数,埋入物有,0
2021,2. 消化器外科系手術,LTP,肝臓移植,SSI件数,埋入物無,0
2021,2. 消化器外科系手術,LTP,肝臓移植,SSI件数,感染部位（表層切開創）,0
2021,2. 消化器外科系手術,LTP,肝臓移植,SSI件数,感染部位（深部切開創）,0
2021,2. 消化器外科系手術,LTP,肝臓移植,SSI件数,感染部位（臓器/体腔）,0
2021,2. 消化器外科系手術,REC,直腸手術,集計対象医療機関数,合計,542
2021,2. 消化器外科系手術,REC,直腸手術,手術件数,合計,16639
2021,2. 消化器外科系手術,REC,直腸手術,各医療機関の手術件数の分布,10ﾊﾟｰｾﾝﾀｲﾙ,5
2021,2. 消化器外科系手術,REC,直腸手術,各医療機関の手術件数の分布,25ﾊﾟｰｾﾝﾀｲﾙ,11
2021,2. 消化器外科系手術,REC,直腸手術,各医療機関の手術件数の分布,50ﾊﾟｰｾﾝﾀｲﾙ,23
2021,2. 消化器外科系手術,REC,直腸手術,各医療機関の手術件数の分布,75ﾊﾟｰｾﾝﾀｲﾙ,39
2021,2. 消化器外科系手術,REC,直腸手術,各医療機関の手術件数の分布,90ﾊﾟｰｾﾝﾀｲﾙ,65
2021,2. 消化器外科系手術,REC,直腸手術,年齢,平均値,68.48344251
2021,2. 消化器外科系手術,REC,直腸手術,年齢,中央値,70
2021,2. 消化器外科系手術,REC,直腸手術,手術件数,男,10073
2021,2. 消化器外科系手術,REC,直腸手術,手術件数,女,6566
2021,2. 消化器外科系手術,REC,直腸手術,手術件数,内視鏡有,12598
2021,2. 消化器外科系手術,REC,直腸手術,手術件数,内視鏡無,4041
2021,2. 消化器外科系手術,REC,直腸手術,手術件数,緊急,1056
2021,2. 消化器外科系手術,REC,直腸手術,手術件数,待機,15583
2021,2. 消化器外科系手術,REC,直腸手術,手術件数,埋入物有,253
2021,2. 消化器外科系手術,REC,直腸手術,手術件数,埋入物無,16386
2021,2. 消化器外科系手術,REC,直腸手術,SSI件数,合計,1734
2021,2. 消化器外科系手術,REC,直腸手術,SSI発生率,全体,10.42129936
2021,2. 消化器外科系手術,REC,直腸手術,各医療機関のSSI発生率の分布,10ﾊﾟｰｾﾝﾀｲﾙ,0
2021,2. 消化器外科系手術,REC,直腸手術,各医療機関のSSI発生率の分布,25ﾊﾟｰｾﾝﾀｲﾙ,2.7
2021,2. 消化器外科系手術,REC,直腸手術,各医療機関のSSI発生率の分布,50ﾊﾟｰｾﾝﾀｲﾙ,8.3
2021,2. 消化器外科系手術,REC,直腸手術,各医療機関のSSI発生率の分布,75ﾊﾟｰｾﾝﾀｲﾙ,15.2
2021,2. 消化器外科系手術,REC,直腸手術,各医療機関のSSI発生率の分布,90ﾊﾟｰｾﾝﾀｲﾙ,24.3
2021,2. 消化器外科系手術,REC,直腸手術,SSI件数,男,1188
2021,2. 消化器外科系手術,REC,直腸手術,SSI件数,女,546
2021,2. 消化器外科系手術,REC,直腸手術,SSI件数,内視鏡有,1150
2021,2. 消化器外科系手術,REC,直腸手術,SSI件数,内視鏡無,584
2021,2. 消化器外科系手術,REC,直腸手術,SSI件数,緊急,194
2021,2. 消化器外科系手術,REC,直腸手術,SSI件数,待機,1540
2021,2. 消化器外科系手術,REC,直腸手術,SSI件数,埋入物有,12
2021,2. 消化器外科系手術,REC,直腸手術,SSI件数,埋入物無,1722
2021,2. 消化器外科系手術,REC,直腸手術,SSI件数,感染部位（表層切開創）,680
2021,2. 消化器外科系手術,REC,直腸手術,SSI件数,感染部位（深部切開創）,214
2021,2. 消化器外科系手術,REC,直腸手術,SSI件数,感染部位（臓器/体腔）,840
2021,2. 消化器外科系手術,SB,小腸手術,集計対象医療機関数,合計,370
2021,2. 消化器外科系手術,SB,小腸手術,手術件数,合計,7096
2021,2. 消化器外科系手術,SB,小腸手術,各医療機関の手術件数の分布,10ﾊﾟｰｾﾝﾀｲﾙ,3
2021,2. 消化器外科系手術,SB,小腸手術,各医療機関の手術件数の分布,25ﾊﾟｰｾﾝﾀｲﾙ,6
2021,2. 消化器外科系手術,SB,小腸手術,各医療機関の手術件数の分布,50ﾊﾟｰｾﾝﾀｲﾙ,14
2021,2. 消化器外科系手術,SB,小腸手術,各医療機関の手術件数の分布,75ﾊﾟｰｾﾝﾀｲﾙ,25
2021,2. 消化器外科系手術,SB,小腸手術,各医療機関の手術件数の分布,90ﾊﾟｰｾﾝﾀｲﾙ,44
2021,2. 消化器外科系手術,SB,小腸手術,年齢,平均値,69.97308343
2021,2. 消化器外科系手術,SB,小腸手術,年齢,中央値,73
2021,2. 消化器外科系手術,SB,小腸手術,手術件数,男,3882
2021,2. 消化器外科系手術,SB,小腸手術,手術件数,女,3214
2021,2. 消化器外科系手術,SB,小腸手術,手術件数,内視鏡有,1844
2021,2. 消化器外科系手術,SB,小腸手術,手術件数,内視鏡無,5252
2021,2. 消化器外科系手術,SB,小腸手術,手術件数,緊急,3627
2021,2. 消化器外科系手術,SB,小腸手術,手術件数,待機,3469
2021,2. 消化器外科系手術,SB,小腸手術,手術件数,埋入物有,121
2021,2. 消化器外科系手術,SB,小腸手術,手術件数,埋入物無,6975
2021,2. 消化器外科系手術,SB,小腸手術,SSI件数,合計,859
2021,2. 消化器外科系手術,SB,小腸手術,SSI発生率,全体,12.1054115
2021,2. 消化器外科系手術,SB,小腸手術,各医療機関のSSI発生率の分布,10ﾊﾟｰｾﾝﾀｲﾙ,0
2021,2. 消化器外科系手術,SB,小腸手術,各医療機関のSSI発生率の分布,25ﾊﾟｰｾﾝﾀｲﾙ,0
2021,2. 消化器外科系手術,SB,小腸手術,各医療機関のSSI発生率の分布,50ﾊﾟｰｾﾝﾀｲﾙ,10
2021,2. 消化器外科系手術,SB,小腸手術,各医療機関のSSI発生率の分布,75ﾊﾟｰｾﾝﾀｲﾙ,18.1
2021,2. 消化器外科系手術,SB,小腸手術,各医療機関のSSI発生率の分布,90ﾊﾟｰｾﾝﾀｲﾙ,25
2021,2. 消化器外科系手術,SB,小腸手術,SSI件数,男,449
2021,2. 消化器外科系手術,SB,小腸手術,SSI件数,女,410
2021,2. 消化器外科系手術,SB,小腸手術,SSI件数,内視鏡有,136
2021,2. 消化器外科系手術,SB,小腸手術,SSI件数,内視鏡無,723
2021,2. 消化器外科系手術,SB,小腸手術,SSI件数,緊急,554
2021,2. 消化器外科系手術,SB,小腸手術,SSI件数,待機,305
2021,2. 消化器外科系手術,SB,小腸手術,SSI件数,埋入物有,14
2021,2. 消化器外科系手術,SB,小腸手術,SSI件数,埋入物無,845
2021,2. 消化器外科系手術,SB,小腸手術,SSI件数,感染部位（表層切開創）,581
2021,2. 消化器外科系手術,SB,小腸手術,SSI件数,感染部位（深部切開創）,102
2021,2. 消化器外科系手術,SB,小腸手術,SSI件数,感染部位（臓器/体腔）,176
2021,2. 消化器外科系手術,SPLE,脾臓手術,集計対象医療機関数,合計,101
2021,2. 消化器外科系手術,SPLE,脾臓手術,手術件数,合計,247
2021,2. 消化器外科系手術,SPLE,脾臓手術,各医療機関の手術件数の分布,10ﾊﾟｰｾﾝﾀｲﾙ,1
2021,2. 消化器外科系手術,SPLE,脾臓手術,各医療機関の手術件数の分布,25ﾊﾟｰｾﾝﾀｲﾙ,1
2021,2. 消化器外科系手術,SPLE,脾臓手術,各医療機関の手術件数の分布,50ﾊﾟｰｾﾝﾀｲﾙ,2
2021,2. 消化器外科系手術,SPLE,脾臓手術,各医療機関の手術件数の分布,75ﾊﾟｰｾﾝﾀｲﾙ,3
2021,2. 消化器外科系手術,SPLE,脾臓手術,各医療機関の手術件数の分布,90ﾊﾟｰｾﾝﾀｲﾙ,4
2021,2. 消化器外科系手術,SPLE,脾臓手術,年齢,平均値,64.13360324
2021,2. 消化器外科系手術,SPLE,脾臓手術,年齢,中央値,69
2021,2. 消化器外科系手術,SPLE,脾臓手術,手術件数,男,133
2021,2. 消化器外科系手術,SPLE,脾臓手術,手術件数,女,114
2021,2. 消化器外科系手術,SPLE,脾臓手術,手術件数,内視鏡有,86
2021,2. 消化器外科系手術,SPLE,脾臓手術,手術件数,内視鏡無,161
2021,2. 消化器外科系手術,SPLE,脾臓手術,手術件数,緊急,27
2021,2. 消化器外科系手術,SPLE,脾臓手術,手術件数,待機,220
2021,2. 消化器外科系手術,SPLE,脾臓手術,手術件数,埋入物有,7
2021,2. 消化器外科系手術,SPLE,脾臓手術,手術件数,埋入物無,240
2021,2. 消化器外科系手術,SPLE,脾臓手術,SSI件数,合計,9
2021,2. 消化器外科系手術,SPLE,脾臓手術,SSI発生率,全体,3.643724696
2021,2. 消化器外科系手術,SPLE,脾臓手術,各医療機関のSSI発生率の分布,10ﾊﾟｰｾﾝﾀｲﾙ,0
2021,2. 消化器外科系手術,SPLE,脾臓手術,各医療機関のSSI発生率の分布,25ﾊﾟｰｾﾝﾀｲﾙ,0
2021,2. 消化器外科系手術,SPLE,脾臓手術,各医療機関のSSI発生率の分布,50ﾊﾟｰｾﾝﾀｲﾙ,0
2021,2. 消化器外科系手術,SPLE,脾臓手術,各医療機関のSSI発生率の分布,75ﾊﾟｰｾﾝﾀｲﾙ,0
2021,2. 消化器外科系手術,SPLE,脾臓手術,各医療機関のSSI発生率の分布,90ﾊﾟｰｾﾝﾀｲﾙ,0
2021,2. 消化器外科系手術,SPLE,脾臓手術,SSI件数,男,8
2021,2. 消化器外科系手術,SPLE,脾臓手術,SSI件数,女,1
2021,2. 消化器外科系手術,SPLE,脾臓手術,SSI件数,内視鏡有,0
2021,2. 消化器外科系手術,SPLE,脾臓手術,SSI件数,内視鏡無,9
2021,2. 消化器外科系手術,SPLE,脾臓手術,SSI件数,緊急,4
2021,2. 消化器外科系手術,SPLE,脾臓手術,SSI件数,待機,5
2021,2. 消化器外科系手術,SPLE,脾臓手術,SSI件数,埋入物有,0
2021,2. 消化器外科系手術,SPLE,脾臓手術,SSI件数,埋入物無,9
2021,2. 消化器外科系手術,SPLE,脾臓手術,SSI件数,感染部位（表層切開創）,1
2021,2. 消化器外科系手術,SPLE,脾臓手術,SSI件数,感染部位（深部切開創）,1
2021,2. 消化器外科系手術,SPLE,脾臓手術,SSI件数,感染部位（臓器/体腔）,7
2021,2. 消化器外科系手術,XLAP,腹部手術,集計対象医療機関数,合計,272
2021,2. 消化器外科系手術,XLAP,腹部手術,手術件数,合計,5178
2021,2. 消化器外科系手術,XLAP,腹部手術,各医療機関の手術件数の分布,10ﾊﾟｰｾﾝﾀｲﾙ,2
2021,2. 消化器外科系手術,XLAP,腹部手術,各医療機関の手術件数の分布,25ﾊﾟｰｾﾝﾀｲﾙ,5
2021,2. 消化器外科系手術,XLAP,腹部手術,各医療機関の手術件数の分布,50ﾊﾟｰｾﾝﾀｲﾙ,12
2021,2. 消化器外科系手術,XLAP,腹部手術,各医療機関の手術件数の分布,75ﾊﾟｰｾﾝﾀｲﾙ,28
2021,2. 消化器外科系手術,XLAP,腹部手術,各医療機関の手術件数の分布,90ﾊﾟｰｾﾝﾀｲﾙ,40
2021,2. 消化器外科系手術,XLAP,腹部手術,年齢,平均値,66.27906528
2021,2. 消化器外科系手術,XLAP,腹部手術,年齢,中央値,71
2021,2. 消化器外科系手術,XLAP,腹部手術,手術件数,男,2866
2021,2. 消化器外科系手術,XLAP,腹部手術,手術件数,女,2312
2021,2. 消化器外科系手術,XLAP,腹部手術,手術件数,内視鏡有,1807
2021,2. 消化器外科系手術,XLAP,腹部手術,手術件数,内視鏡無,3371
2021,2. 消化器外科系手術,XLAP,腹部手術,手術件数,緊急,2553
2021,2. 消化器外科系手術,XLAP,腹部手術,手術件数,待機,2625
2021,2. 消化器外科系手術,XLAP,腹部手術,手術件数,埋入物有,196
2021,2. 消化器外科系手術,XLAP,腹部手術,手術件数,埋入物無,4982
2021,2. 消化器外科系手術,XLAP,腹部手術,SSI件数,合計,288
2021,2. 消化器外科系手術,XLAP,腹部手術,SSI発生率,全体,5.561993048
2021,2. 消化器外科系手術,XLAP,腹部手術,各医療機関のSSI発生率の分布,10ﾊﾟｰｾﾝﾀｲﾙ,0
2021,2. 消化器外科系手術,XLAP,腹部手術,各医療機関のSSI発生率の分布,25ﾊﾟｰｾﾝﾀｲﾙ,0
2021,2. 消化器外科系手術,XLAP,腹部手術,各医療機関のSSI発生率の分布,50ﾊﾟｰｾﾝﾀｲﾙ,0
2021,2. 消化器外科系手術,XLAP,腹部手術,各医療機関のSSI発生率の分布,75ﾊﾟｰｾﾝﾀｲﾙ,8.4
2021,2. 消化器外科系手術,XLAP,腹部手術,各医療機関のSSI発生率の分布,90ﾊﾟｰｾﾝﾀｲﾙ,16.7
2021,2. 消化器外科系手術,XLAP,腹部手術,SSI件数,男,166
2021,2. 消化器外科系手術,XLAP,腹部手術,SSI件数,女,122
2021,2. 消化器外科系手術,XLAP,腹部手術,SSI件数,内視鏡有,45
2021,2. 消化器外科系手術,XLAP,腹部手術,SSI件数,内視鏡無,243
2021,2. 消化器外科系手術,XLAP,腹部手術,SSI件数,緊急,212
2021,2. 消化器外科系手術,XLAP,腹部手術,SSI件数,待機,76
2021,2. 消化器外科系手術,XLAP,腹部手術,SSI件数,埋入物有,8
2021,2. 消化器外科系手術,XLAP,腹部手術,SSI件数,埋入物無,280
2021,2. 消化器外科系手術,XLAP,腹部手術,SSI件数,感染部位（表層切開創）,160
2021,2. 消化器外科系手術,XLAP,腹部手術,SSI件数,感染部位（深部切開創）,46
2021,2. 消化器外科系手術,XLAP,腹部手術,SSI件数,感染部位（臓器/体腔）,82
2021,3. 心臓・血管外科系手術,AAA,腹部大動脈修復,集計対象医療機関数,合計,88
2021,3. 心臓・血管外科系手術,AAA,腹部大動脈修復,手術件数,合計,1225
2021,3. 心臓・血管外科系手術,AAA,腹部大動脈修復,各医療機関の手術件数の分布,10ﾊﾟｰｾﾝﾀｲﾙ,2
2021,3. 心臓・血管外科系手術,AAA,腹部大動脈修復,各医療機関の手術件数の分布,25ﾊﾟｰｾﾝﾀｲﾙ,6
2021,3. 心臓・血管外科系手術,AAA,腹部大動脈修復,各医療機関の手術件数の分布,50ﾊﾟｰｾﾝﾀｲﾙ,11
2021,3. 心臓・血管外科系手術,AAA,腹部大動脈修復,各医療機関の手術件数の分布,75ﾊﾟｰｾﾝﾀｲﾙ,19
2021,3. 心臓・血管外科系手術,AAA,腹部大動脈修復,各医療機関の手術件数の分布,90ﾊﾟｰｾﾝﾀｲﾙ,25
2021,3. 心臓・血管外科系手術,AAA,腹部大動脈修復,年齢,平均値,70.92897959
2021,3. 心臓・血管外科系手術,AAA,腹部大動脈修復,年齢,中央値,72
2021,3. 心臓・血管外科系手術,AAA,腹部大動脈修復,手術件数,男,1003
2021,3. 心臓・血管外科系手術,AAA,腹部大動脈修復,手術件数,女,222
2021,3. 心臓・血管外科系手術,AAA,腹部大動脈修復,手術件数,内視鏡有,0
2021,3. 心臓・血管外科系手術,AAA,腹部大動脈修復,手術件数,内視鏡無,1225
2021,3. 心臓・血管外科系手術,AAA,腹部大動脈修復,手術件数,緊急,193
2021,3. 心臓・血管外科系手術,AAA,腹部大動脈修復,手術件数,待機,1032
2021,3. 心臓・血管外科系手術,AAA,腹部大動脈修復,手術件数,埋入物有,1152
2021,3. 心臓・血管外科系手術,AAA,腹部大動脈修復,手術件数,埋入物無,73
2021,3. 心臓・血管外科系手術,AAA,腹部大動脈修復,SSI件数,合計,23
2021,3. 心臓・血管外科系手術,AAA,腹部大動脈修復,SSI発生率,全体,1.87755102
2021,3. 心臓・血管外科系手術,AAA,腹部大動脈修復,各医療機関のSSI発生率の分布,10ﾊﾟｰｾﾝﾀｲﾙ,0
2021,3. 心臓・血管外科系手術,AAA,腹部大動脈修復,各医療機関のSSI発生率の分布,25ﾊﾟｰｾﾝﾀｲﾙ,0
2021,3. 心臓・血管外科系手術,AAA,腹部大動脈修復,各医療機関のSSI発生率の分布,50ﾊﾟｰｾﾝﾀｲﾙ,0
2021,3. 心臓・血管外科系手術,AAA,腹部大動脈修復,各医療機関のSSI発生率の分布,75ﾊﾟｰｾﾝﾀｲﾙ,0
2021,3. 心臓・血管外科系手術,AAA,腹部大動脈修復,各医療機関のSSI発生率の分布,90ﾊﾟｰｾﾝﾀｲﾙ,7.8
2021,3. 心臓・血管外科系手術,AAA,腹部大動脈修復,SSI件数,男,19
2021,3. 心臓・血管外科系手術,AAA,腹部大動脈修復,SSI件数,女,4
2021,3. 心臓・血管外科系手術,AAA,腹部大動脈修復,SSI件数,内視鏡有,0
2021,3. 心臓・血管外科系手術,AAA,腹部大動脈修復,SSI件数,内視鏡無,23
2021,3. 心臓・血管外科系手術,AAA,腹部大動脈修復,SSI件数,緊急,8
2021,3. 心臓・血管外科系手術,AAA,腹部大動脈修復,SSI件数,待機,15
2021,3. 心臓・血管外科系手術,AAA,腹部大動脈修復,SSI件数,埋入物有,23
2021,3. 心臓・血管外科系手術,AAA,腹部大動脈修復,SSI件数,埋入物無,0
2021,3. 心臓・血管外科系手術,AAA,腹部大動脈修復,SSI件数,感染部位（表層切開創）,11
2021,3. 心臓・血管外科系手術,AAA,腹部大動脈修復,SSI件数,感染部位（深部切開創）,7
2021,3. 心臓・血管外科系手術,AAA,腹部大動脈修復,SSI件数,感染部位（臓器/体腔）,5
2021,3. 心臓・血管外科系手術,AAE,腹部大動脈血管内手術,集計対象医療機関数,合計,65
2021,3. 心臓・血管外科系手術,AAE,腹部大動脈血管内手術,手術件数,合計,1587
2021,3. 心臓・血管外科系手術,AAE,腹部大動脈血管内手術,各医療機関の手術件数の分布,10ﾊﾟｰｾﾝﾀｲﾙ,7
2021,3. 心臓・血管外科系手術,AAE,腹部大動脈血管内手術,各医療機関の手術件数の分布,25ﾊﾟｰｾﾝﾀｲﾙ,13
2021,3. 心臓・血管外科系手術,AAE,腹部大動脈血管内手術,各医療機関の手術件数の分布,50ﾊﾟｰｾﾝﾀｲﾙ,23
2021,3. 心臓・血管外科系手術,AAE,腹部大動脈血管内手術,各医療機関の手術件数の分布,75ﾊﾟｰｾﾝﾀｲﾙ,31
2021,3. 心臓・血管外科系手術,AAE,腹部大動脈血管内手術,各医療機関の手術件数の分布,90ﾊﾟｰｾﾝﾀｲﾙ,42
2021,3. 心臓・血管外科系手術,AAE,腹部大動脈血管内手術,年齢,平均値,76.34908633
2021,3. 心臓・血管外科系手術,AAE,腹部大動脈血管内手術,年齢,中央値,77
2021,3. 心臓・血管外科系手術,AAE,腹部大動脈血管内手術,手術件数,男,1297
2021,3. 心臓・血管外科系手術,AAE,腹部大動脈血管内手術,手術件数,女,290
2021,3. 心臓・血管外科系手術,AAE,腹部大動脈血管内手術,手術件数,内視鏡有,0
2021,3. 心臓・血管外科系手術,AAE,腹部大動脈血管内手術,手術件数,内視鏡無,1587
2021,3. 心臓・血管外科系手術,AAE,腹部大動脈血管内手術,手術件数,緊急,157
2021,3. 心臓・血管外科系手術,AAE,腹部大動脈血管内手術,手術件数,待機,1430
2021,3. 心臓・血管外科系手術,AAE,腹部大動脈血管内手術,手術件数,埋入物有,1453
2021,3. 心臓・血管外科系手術,AAE,腹部大動脈血管内手術,手術件数,埋入物無,134
2021,3. 心臓・血管外科系手術,AAE,腹部大動脈血管内手術,SSI件数,合計,11
2021,3. 心臓・血管外科系手術,AAE,腹部大動脈血管内手術,SSI発生率,全体,0.693131695
2021,3. 心臓・血管外科系手術,AAE,腹部大動脈血管内手術,各医療機関のSSI発生率の分布,10ﾊﾟｰｾﾝﾀｲﾙ,0
2021,3. 心臓・血管外科系手術,AAE,腹部大動脈血管内手術,各医療機関のSSI発生率の分布,25ﾊﾟｰｾﾝﾀｲﾙ,0
2021,3. 心臓・血管外科系手術,AAE,腹部大動脈血管内手術,各医療機関のSSI発生率の分布,50ﾊﾟｰｾﾝﾀｲﾙ,0
2021,3. 心臓・血管外科系手術,AAE,腹部大動脈血管内手術,各医療機関のSSI発生率の分布,75ﾊﾟｰｾﾝﾀｲﾙ,0
2021,3. 心臓・血管外科系手術,AAE,腹部大動脈血管内手術,各医療機関のSSI発生率の分布,90ﾊﾟｰｾﾝﾀｲﾙ,2.3
2021,3. 心臓・血管外科系手術,AAE,腹部大動脈血管内手術,SSI件数,男,8
2021,3. 心臓・血管外科系手術,AAE,腹部大動脈血管内手術,SSI件数,女,3
2021,3. 心臓・血管外科系手術,AAE,腹部大動脈血管内手術,SSI件数,内視鏡有,0
2021,3. 心臓・血管外科系手術,AAE,腹部大動脈血管内手術,SSI件数,内視鏡無,11
2021,3. 心臓・血管外科系手術,AAE,腹部大動脈血管内手術,SSI件数,緊急,1
2021,3. 心臓・血管外科系手術,AAE,腹部大動脈血管内手術,SSI件数,待機,10
2021,3. 心臓・血管外科系手術,AAE,腹部大動脈血管内手術,SSI件数,埋入物有,11
2021,3. 心臓・血管外科系手術,AAE,腹部大動脈血管内手術,SSI件数,埋入物無,0
2021,3. 心臓・血管外科系手術,AAE,腹部大動脈血管内手術,SSI件数,感染部位（表層切開創）,6
2021,3. 心臓・血管外科系手術,AAE,腹部大動脈血管内手術,SSI件数,感染部位（深部切開創）,4
2021,3. 心臓・血管外科系手術,AAE,腹部大動脈血管内手術,SSI件数,感染部位（臓器/体腔）,1
2021,3. 心臓・血管外科系手術,AVSD,透析のためのシャント,集計対象医療機関数,合計,49
2021,3. 心臓・血管外科系手術,AVSD,透析のためのシャント,手術件数,合計,1197
2021,3. 心臓・血管外科系手術,AVSD,透析のためのシャント,各医療機関の手術件数の分布,10ﾊﾟｰｾﾝﾀｲﾙ,3
2021,3. 心臓・血管外科系手術,AVSD,透析のためのシャント,各医療機関の手術件数の分布,25ﾊﾟｰｾﾝﾀｲﾙ,5
2021,3. 心臓・血管外科系手術,AVSD,透析のためのシャント,各医療機関の手術件数の分布,50ﾊﾟｰｾﾝﾀｲﾙ,12
2021,3. 心臓・血管外科系手術,AVSD,透析のためのシャント,各医療機関の手術件数の分布,75ﾊﾟｰｾﾝﾀｲﾙ,37
2021,3. 心臓・血管外科系手術,AVSD,透析のためのシャント,各医療機関の手術件数の分布,90ﾊﾟｰｾﾝﾀｲﾙ,63
2021,3. 心臓・血管外科系手術,AVSD,透析のためのシャント,年齢,平均値,70.52046784
2021,3. 心臓・血管外科系手術,AVSD,透析のためのシャント,年齢,中央値,72
2021,3. 心臓・血管外科系手術,AVSD,透析のためのシャント,手術件数,男,789
2021,3. 心臓・血管外科系手術,AVSD,透析のためのシャント,手術件数,女,408
2021,3. 心臓・血管外科系手術,AVSD,透析のためのシャント,手術件数,内視鏡有,0
2021,3. 心臓・血管外科系手術,AVSD,透析のためのシャント,手術件数,内視鏡無,1197
2021,3. 心臓・血管外科系手術,AVSD,透析のためのシャント,手術件数,緊急,125
2021,3. 心臓・血管外科系手術,AVSD,透析のためのシャント,手術件数,待機,1072
2021,3. 心臓・血管外科系手術,AVSD,透析のためのシャント,手術件数,埋入物有,161
2021,3. 心臓・血管外科系手術,AVSD,透析のためのシャント,手術件数,埋入物無,1036
2021,3. 心臓・血管外科系手術,AVSD,透析のためのシャント,SSI件数,合計,8
2021,3. 心臓・血管外科系手術,AVSD,透析のためのシャント,SSI発生率,全体,0.66833751
2021,3. 心臓・血管外科系手術,AVSD,透析のためのシャント,各医療機関のSSI発生率の分布,10ﾊﾟｰｾﾝﾀｲﾙ,0
2021,3. 心臓・血管外科系手術,AVSD,透析のためのシャント,各医療機関のSSI発生率の分布,25ﾊﾟｰｾﾝﾀｲﾙ,0
2021,3. 心臓・血管外科系手術,AVSD,透析のためのシャント,各医療機関のSSI発生率の分布,50ﾊﾟｰｾﾝﾀｲﾙ,0
2021,3. 心臓・血管外科系手術,AVSD,透析のためのシャント,各医療機関のSSI発生率の分布,75ﾊﾟｰｾﾝﾀｲﾙ,0
2021,3. 心臓・血管外科系手術,AVSD,透析のためのシャント,各医療機関のSSI発生率の分布,90ﾊﾟｰｾﾝﾀｲﾙ,2.5
2021,3. 心臓・血管外科系手術,AVSD,透析のためのシャント,SSI件数,男,5
2021,3. 心臓・血管外科系手術,AVSD,透析のためのシャント,SSI件数,女,3
2021,3. 心臓・血管外科系手術,AVSD,透析のためのシャント,SSI件数,内視鏡有,0
2021,3. 心臓・血管外科系手術,AVSD,透析のためのシャント,SSI件数,内視鏡無,8
2021,3. 心臓・血管外科系手術,AVSD,透析のためのシャント,SSI件数,緊急,0
2021,3. 心臓・血管外科系手術,AVSD,透析のためのシャント,SSI件数,待機,8
2021,3. 心臓・血管外科系手術,AVSD,透析のためのシャント,SSI件数,埋入物有,5
2021,3. 心臓・血管外科系手術,AVSD,透析のためのシャント,SSI件数,埋入物無,3
2021,3. 心臓・血管外科系手術,AVSD,透析のためのシャント,SSI件数,感染部位（表層切開創）,5
2021,3. 心臓・血管外科系手術,AVSD,透析のためのシャント,SSI件数,感染部位（深部切開創）,3
2021,3. 心臓・血管外科系手術,AVSD,透析のためのシャント,SSI件数,感染部位（臓器/体腔）,0
2021,3. 心臓・血管外科系手術,CARD,心臓手術,集計対象医療機関数,合計,123
2021,3. 心臓・血管外科系手術,CARD,心臓手術,手術件数,合計,6692
2021,3. 心臓・血管外科系手術,CARD,心臓手術,各医療機関の手術件数の分布,10ﾊﾟｰｾﾝﾀｲﾙ,11
2021,3. 心臓・血管外科系手術,CARD,心臓手術,各医療機関の手術件数の分布,25ﾊﾟｰｾﾝﾀｲﾙ,23
2021,3. 心臓・血管外科系手術,CARD,心臓手術,各医療機関の手術件数の分布,50ﾊﾟｰｾﾝﾀｲﾙ,42
2021,3. 心臓・血管外科系手術,CARD,心臓手術,各医療機関の手術件数の分布,75ﾊﾟｰｾﾝﾀｲﾙ,71
2021,3. 心臓・血管外科系手術,CARD,心臓手術,各医療機関の手術件数の分布,90ﾊﾟｰｾﾝﾀｲﾙ,105
2021,3. 心臓・血管外科系手術,CARD,心臓手術,年齢,平均値,64.66093843
2021,3. 心臓・血管外科系手術,CARD,心臓手術,年齢,中央値,71
2021,3. 心臓・血管外科系手術,CARD,心臓手術,手術件数,男,3990
2021,3. 心臓・血管外科系手術,CARD,心臓手術,手術件数,女,2702
2021,3. 心臓・血管外科系手術,CARD,心臓手術,手術件数,内視鏡有,448
2021,3. 心臓・血管外科系手術,CARD,心臓手術,手術件数,内視鏡無,6244
2021,3. 心臓・血管外科系手術,CARD,心臓手術,手術件数,緊急,623
2021,3. 心臓・血管外科系手術,CARD,心臓手術,手術件数,待機,6069
2021,3. 心臓・血管外科系手術,CARD,心臓手術,手術件数,埋入物有,6006
2021,3. 心臓・血管外科系手術,CARD,心臓手術,手術件数,埋入物無,686
2021,3. 心臓・血管外科系手術,CARD,心臓手術,SSI件数,合計,85
2021,3. 心臓・血管外科系手術,CARD,心臓手術,SSI発生率,全体,1.270173341
2021,3. 心臓・血管外科系手術,CARD,心臓手術,各医療機関のSSI発生率の分布,10ﾊﾟｰｾﾝﾀｲﾙ,0
2021,3. 心臓・血管外科系手術,CARD,心臓手術,各医療機関のSSI発生率の分布,25ﾊﾟｰｾﾝﾀｲﾙ,0
2021,3. 心臓・血管外科系手術,CARD,心臓手術,各医療機関のSSI発生率の分布,50ﾊﾟｰｾﾝﾀｲﾙ,0
2021,3. 心臓・血管外科系手術,CARD,心臓手術,各医療機関のSSI発生率の分布,75ﾊﾟｰｾﾝﾀｲﾙ,1.8
2021,3. 心臓・血管外科系手術,CARD,心臓手術,各医療機関のSSI発生率の分布,90ﾊﾟｰｾﾝﾀｲﾙ,4.4
2021,3. 心臓・血管外科系手術,CARD,心臓手術,SSI件数,男,47
2021,3. 心臓・血管外科系手術,CARD,心臓手術,SSI件数,女,38
2021,3. 心臓・血管外科系手術,CARD,心臓手術,SSI件数,内視鏡有,6
2021,3. 心臓・血管外科系手術,CARD,心臓手術,SSI件数,内視鏡無,79
2021,3. 心臓・血管外科系手術,CARD,心臓手術,SSI件数,緊急,12
2021,3. 心臓・血管外科系手術,CARD,心臓手術,SSI件数,待機,73
2021,3. 心臓・血管外科系手術,CARD,心臓手術,SSI件数,埋入物有,77
2021,3. 心臓・血管外科系手術,CARD,心臓手術,SSI件数,埋入物無,8
2021,3. 心臓・血管外科系手術,CARD,心臓手術,SSI件数,感染部位（表層切開創）,24
2021,3. 心臓・血管外科系手術,CARD,心臓手術,SSI件数,感染部位（深部切開創）,26
2021,3. 心臓・血管外科系手術,CARD,心臓手術,SSI件数,感染部位（臓器/体腔）,35
2021,3. 心臓・血管外科系手術,CEA,頸動脈血管内膜切除術,集計対象医療機関数,合計,27
2021,3. 心臓・血管外科系手術,CEA,頸動脈血管内膜切除術,手術件数,合計,248
2021,3. 心臓・血管外科系手術,CEA,頸動脈血管内膜切除術,各医療機関の手術件数の分布,10ﾊﾟｰｾﾝﾀｲﾙ,1
2021,3. 心臓・血管外科系手術,CEA,頸動脈血管内膜切除術,各医療機関の手術件数の分布,25ﾊﾟｰｾﾝﾀｲﾙ,3
2021,3. 心臓・血管外科系手術,CEA,頸動脈血管内膜切除術,各医療機関の手術件数の分布,50ﾊﾟｰｾﾝﾀｲﾙ,6
2021,3. 心臓・血管外科系手術,CEA,頸動脈血管内膜切除術,各医療機関の手術件数の分布,75ﾊﾟｰｾﾝﾀｲﾙ,10
2021,3. 心臓・血管外科系手術,CEA,頸動脈血管内膜切除術,各医療機関の手術件数の分布,90ﾊﾟｰｾﾝﾀｲﾙ,30
2021,3. 心臓・血管外科系手術,CEA,頸動脈血管内膜切除術,年齢,平均値,73.29032258
2021,3. 心臓・血管外科系手術,CEA,頸動脈血管内膜切除術,年齢,中央値,75
2021,3. 心臓・血管外科系手術,CEA,頸動脈血管内膜切除術,手術件数,男,203
2021,3. 心臓・血管外科系手術,CEA,頸動脈血管内膜切除術,手術件数,女,45
2021,3. 心臓・血管外科系手術,CEA,頸動脈血管内膜切除術,手術件数,内視鏡有,0
2021,3. 心臓・血管外科系手術,CEA,頸動脈血管内膜切除術,手術件数,内視鏡無,248
2021,3. 心臓・血管外科系手術,CEA,頸動脈血管内膜切除術,手術件数,緊急,7
2021,3. 心臓・血管外科系手術,CEA,頸動脈血管内膜切除術,手術件数,待機,241
2021,3. 心臓・血管外科系手術,CEA,頸動脈血管内膜切除術,手術件数,埋入物有,39
2021,3. 心臓・血管外科系手術,CEA,頸動脈血管内膜切除術,手術件数,埋入物無,209
2021,3. 心臓・血管外科系手術,CEA,頸動脈血管内膜切除術,SSI件数,合計,1
2021,3. 心臓・血管外科系手術,CEA,頸動脈血管内膜切除術,SSI発生率,全体,0.403225806
2021,3. 心臓・血管外科系手術,CEA,頸動脈血管内膜切除術,各医療機関のSSI発生率の分布,10ﾊﾟｰｾﾝﾀｲﾙ,0
2021,3. 心臓・血管外科系手術,CEA,頸動脈血管内膜切除術,各医療機関のSSI発生率の分布,25ﾊﾟｰｾﾝﾀｲﾙ,0
2021,3. 心臓・血管外科系手術,CEA,頸動脈血管内膜切除術,各医療機関のSSI発生率の分布,50ﾊﾟｰｾﾝﾀｲﾙ,0
2021,3. 心臓・血管外科系手術,CEA,頸動脈血管内膜切除術,各医療機関のSSI発生率の分布,75ﾊﾟｰｾﾝﾀｲﾙ,0
2021,3. 心臓・血管外科系手術,CEA,頸動脈血管内膜切除術,各医療機関のSSI発生率の分布,90ﾊﾟｰｾﾝﾀｲﾙ,0
2021,3. 心臓・血管外科系手術,CEA,頸動脈血管内膜切除術,SSI件数,男,1
2021,3. 心臓・血管外科系手術,CEA,頸動脈血管内膜切除術,SSI件数,女,0
2021,3. 心臓・血管外科系手術,CEA,頸動脈血管内膜切除術,SSI件数,内視鏡有,0
2021,3. 心臓・血管外科系手術,CEA,頸動脈血管内膜切除術,SSI件数,内視鏡無,1
2021,3. 心臓・血管外科系手術,CEA,頸動脈血管内膜切除術,SSI件数,緊急,0
2021,3. 心臓・血管外科系手術,CEA,頸動脈血管内膜切除術,SSI件数,待機,1
2021,3. 心臓・血管外科系手術,CEA,頸動脈血管内膜切除術,SSI件数,埋入物有,0
2021,3. 心臓・血管外科系手術,CEA,頸動脈血管内膜切除術,SSI件数,埋入物無,1
2021,3. 心臓・血管外科系手術,CEA,頸動脈血管内膜切除術,SSI件数,感染部位（表層切開創）,1
2021,3. 心臓・血管外科系手術,CEA,頸動脈血管内膜切除術,SSI件数,感染部位（深部切開創）,0
2021,3. 心臓・血管外科系手術,CEA,頸動脈血管内膜切除術,SSI件数,感染部位（臓器/体腔）,0
2021,3. 心臓・血管外科系手術,CBGB,胸部とグラフト採取部位の切開を伴う冠動脈バイパスグラフト,集計対象医療機関数,合計,122
2021,3. 心臓・血管外科系手術,CBGB,胸部とグラフト採取部位の切開を伴う冠動脈バイパスグラフト,手術件数,合計,3578
2021,3. 心臓・血管外科系手術,CBGB,胸部とグラフト採取部位の切開を伴う冠動脈バイパスグラフト,各医療機関の手術件数の分布,10ﾊﾟｰｾﾝﾀｲﾙ,7
2021,3. 心臓・血管外科系手術,CBGB,胸部とグラフト採取部位の切開を伴う冠動脈バイパスグラフト,各医療機関の手術件数の分布,25ﾊﾟｰｾﾝﾀｲﾙ,12
2021,3. 心臓・血管外科系手術,CBGB,胸部とグラフト採取部位の切開を伴う冠動脈バイパスグラフト,各医療機関の手術件数の分布,50ﾊﾟｰｾﾝﾀｲﾙ,23
2021,3. 心臓・血管外科系手術,CBGB,胸部とグラフト採取部位の切開を伴う冠動脈バイパスグラフト,各医療機関の手術件数の分布,75ﾊﾟｰｾﾝﾀｲﾙ,37
2021,3. 心臓・血管外科系手術,CBGB,胸部とグラフト採取部位の切開を伴う冠動脈バイパスグラフト,各医療機関の手術件数の分布,90ﾊﾟｰｾﾝﾀｲﾙ,60
2021,3. 心臓・血管外科系手術,CBGB,胸部とグラフト採取部位の切開を伴う冠動脈バイパスグラフト,年齢,平均値,69.94857462
2021,3. 心臓・血管外科系手術,CBGB,胸部とグラフト採取部位の切開を伴う冠動脈バイパスグラフト,年齢,中央値,72
2021,3. 心臓・血管外科系手術,CBGB,胸部とグラフト採取部位の切開を伴う冠動脈バイパスグラフト,手術件数,男,2804
2021,3. 心臓・血管外科系手術,CBGB,胸部とグラフト採取部位の切開を伴う冠動脈バイパスグラフト,手術件数,女,774
2021,3. 心臓・血管外科系手術,CBGB,胸部とグラフト採取部位の切開を伴う冠動脈バイパスグラフト,手術件数,内視鏡有,144
2021,3. 心臓・血管外科系手術,CBGB,胸部とグラフト採取部位の切開を伴う冠動脈バイパスグラフト,手術件数,内視鏡無,3434
2021,3. 心臓・血管外科系手術,CBGB,胸部とグラフト採取部位の切開を伴う冠動脈バイパスグラフト,手術件数,緊急,563
2021,3. 心臓・血管外科系手術,CBGB,胸部とグラフト採取部位の切開を伴う冠動脈バイパスグラフト,手術件数,待機,3015
2021,3. 心臓・血管外科系手術,CBGB,胸部とグラフト採取部位の切開を伴う冠動脈バイパスグラフト,手術件数,埋入物有,2747
2021,3. 心臓・血管外科系手術,CBGB,胸部とグラフト採取部位の切開を伴う冠動脈バイパスグラフト,手術件数,埋入物無,831
2021,3. 心臓・血管外科系手術,CBGB,胸部とグラフト採取部位の切開を伴う冠動脈バイパスグラフト,SSI件数,合計,112
2021,3. 心臓・血管外科系手術,CBGB,胸部とグラフト採取部位の切開を伴う冠動脈バイパスグラフト,SSI発生率,全体,3.130240358
2021,3. 心臓・血管外科系手術,CBGB,胸部とグラフト採取部位の切開を伴う冠動脈バイパスグラフト,各医療機関のSSI発生率の分布,10ﾊﾟｰｾﾝﾀｲﾙ,0
2021,3. 心臓・血管外科系手術,CBGB,胸部とグラフト採取部位の切開を伴う冠動脈バイパスグラフト,各医療機関のSSI発生率の分布,25ﾊﾟｰｾﾝﾀｲﾙ,0
2021,3. 心臓・血管外科系手術,CBGB,胸部とグラフト採取部位の切開を伴う冠動脈バイパスグラフト,各医療機関のSSI発生率の分布,50ﾊﾟｰｾﾝﾀｲﾙ,0
2021,3. 心臓・血管外科系手術,CBGB,胸部とグラフト採取部位の切開を伴う冠動脈バイパスグラフト,各医療機関のSSI発生率の分布,75ﾊﾟｰｾﾝﾀｲﾙ,4.7
2021,3. 心臓・血管外科系手術,CBGB,胸部とグラフト採取部位の切開を伴う冠動脈バイパスグラフト,各医療機関のSSI発生率の分布,90ﾊﾟｰｾﾝﾀｲﾙ,9.1
2021,3. 心臓・血管外科系手術,CBGB,胸部とグラフト採取部位の切開を伴う冠動脈バイパスグラフト,SSI件数,男,74
2021,3. 心臓・血管外科系手術,CBGB,胸部とグラフト採取部位の切開を伴う冠動脈バイパスグラフト,SSI件数,女,38
2021,3. 心臓・血管外科系手術,CBGB,胸部とグラフト採取部位の切開を伴う冠動脈バイパスグラフト,SSI件数,内視鏡有,1
2021,3. 心臓・血管外科系手術,CBGB,胸部とグラフト採取部位の切開を伴う冠動脈バイパスグラフト,SSI件数,内視鏡無,111
2021,3. 心臓・血管外科系手術,CBGB,胸部とグラフト採取部位の切開を伴う冠動脈バイパスグラフト,SSI件数,緊急,21
2021,3. 心臓・血管外科系手術,CBGB,胸部とグラフト採取部位の切開を伴う冠動脈バイパスグラフト,SSI件数,待機,91
2021,3. 心臓・血管外科系手術,CBGB,胸部とグラフト採取部位の切開を伴う冠動脈バイパスグラフト,SSI件数,埋入物有,89
2021,3. 心臓・血管外科系手術,CBGB,胸部とグラフト採取部位の切開を伴う冠動脈バイパスグラフト,SSI件数,埋入物無,23
2021,3. 心臓・血管外科系手術,CBGB,胸部とグラフト採取部位の切開を伴う冠動脈バイパスグラフト,SSI件数,感染部位（表層切開創）,49
2021,3. 心臓・血管外科系手術,CBGB,胸部とグラフト採取部位の切開を伴う冠動脈バイパスグラフト,SSI件数,感染部位（深部切開創）,44
2021,3. 心臓・血管外科系手術,CBGB,胸部とグラフト採取部位の切開を伴う冠動脈バイパスグラフト,SSI件数,感染部位（臓器/体腔）,19
2021,3. 心臓・血管外科系手術,CBGC,胸部切開のみの冠動脈バイパスグラフト,集計対象医療機関数,合計,87
2021,3. 心臓・血管外科系手術,CBGC,胸部切開のみの冠動脈バイパスグラフト,手術件数,合計,761
2021,3. 心臓・血管外科系手術,CBGC,胸部切開のみの冠動脈バイパスグラフト,各医療機関の手術件数の分布,10ﾊﾟｰｾﾝﾀｲﾙ,2
2021,3. 心臓・血管外科系手術,CBGC,胸部切開のみの冠動脈バイパスグラフト,各医療機関の手術件数の分布,25ﾊﾟｰｾﾝﾀｲﾙ,2
2021,3. 心臓・血管外科系手術,CBGC,胸部切開のみの冠動脈バイパスグラフト,各医療機関の手術件数の分布,50ﾊﾟｰｾﾝﾀｲﾙ,5
2021,3. 心臓・血管外科系手術,CBGC,胸部切開のみの冠動脈バイパスグラフト,各医療機関の手術件数の分布,75ﾊﾟｰｾﾝﾀｲﾙ,12
2021,3. 心臓・血管外科系手術,CBGC,胸部切開のみの冠動脈バイパスグラフト,各医療機関の手術件数の分布,90ﾊﾟｰｾﾝﾀｲﾙ,21
2021,3. 心臓・血管外科系手術,CBGC,胸部切開のみの冠動脈バイパスグラフト,年齢,平均値,69.13534823
2021,3. 心臓・血管外科系手術,CBGC,胸部切開のみの冠動脈バイパスグラフト,年齢,中央値,71
2021,3. 心臓・血管外科系手術,CBGC,胸部切開のみの冠動脈バイパスグラフト,手術件数,男,569
2021,3. 心臓・血管外科系手術,CBGC,胸部切開のみの冠動脈バイパスグラフト,手術件数,女,192
2021,3. 心臓・血管外科系手術,CBGC,胸部切開のみの冠動脈バイパスグラフト,手術件数,内視鏡有,29
2021,3. 心臓・血管外科系手術,CBGC,胸部切開のみの冠動脈バイパスグラフト,手術件数,内視鏡無,732
2021,3. 心臓・血管外科系手術,CBGC,胸部切開のみの冠動脈バイパスグラフト,手術件数,緊急,69
2021,3. 心臓・血管外科系手術,CBGC,胸部切開のみの冠動脈バイパスグラフト,手術件数,待機,692
2021,3. 心臓・血管外科系手術,CBGC,胸部切開のみの冠動脈バイパスグラフト,手術件数,埋入物有,569
2021,3. 心臓・血管外科系手術,CBGC,胸部切開のみの冠動脈バイパスグラフト,手術件数,埋入物無,192
2021,3. 心臓・血管外科系手術,CBGC,胸部切開のみの冠動脈バイパスグラフト,SSI件数,合計,17
2021,3. 心臓・血管外科系手術,CBGC,胸部切開のみの冠動脈バイパスグラフト,SSI発生率,全体,2.23390276
2021,3. 心臓・血管外科系手術,CBGC,胸部切開のみの冠動脈バイパスグラフト,各医療機関のSSI発生率の分布,10ﾊﾟｰｾﾝﾀｲﾙ,0
2021,3. 心臓・血管外科系手術,CBGC,胸部切開のみの冠動脈バイパスグラフト,各医療機関のSSI発生率の分布,25ﾊﾟｰｾﾝﾀｲﾙ,0
2021,3. 心臓・血管外科系手術,CBGC,胸部切開のみの冠動脈バイパスグラフト,各医療機関のSSI発生率の分布,50ﾊﾟｰｾﾝﾀｲﾙ,0
2021,3. 心臓・血管外科系手術,CBGC,胸部切開のみの冠動脈バイパスグラフト,各医療機関のSSI発生率の分布,75ﾊﾟｰｾﾝﾀｲﾙ,0
2021,3. 心臓・血管外科系手術,CBGC,胸部切開のみの冠動脈バイパスグラフト,各医療機関のSSI発生率の分布,90ﾊﾟｰｾﾝﾀｲﾙ,4.8
2021,3. 心臓・血管外科系手術,CBGC,胸部切開のみの冠動脈バイパスグラフト,SSI件数,男,10
2021,3. 心臓・血管外科系手術,CBGC,胸部切開のみの冠動脈バイパスグラフト,SSI件数,女,7
2021,3. 心臓・血管外科系手術,CBGC,胸部切開のみの冠動脈バイパスグラフト,SSI件数,内視鏡有,0
2021,3. 心臓・血管外科系手術,CBGC,胸部切開のみの冠動脈バイパスグラフト,SSI件数,内視鏡無,17
2021,3. 心臓・血管外科系手術,CBGC,胸部切開のみの冠動脈バイパスグラフト,SSI件数,緊急,2
2021,3. 心臓・血管外科系手術,CBGC,胸部切開のみの冠動脈バイパスグラフト,SSI件数,待機,15
2021,3. 心臓・血管外科系手術,CBGC,胸部切開のみの冠動脈バイパスグラフト,SSI件数,埋入物有,16
2021,3. 心臓・血管外科系手術,CBGC,胸部切開のみの冠動脈バイパスグラフト,SSI件数,埋入物無,1
2021,3. 心臓・血管外科系手術,CBGC,胸部切開のみの冠動脈バイパスグラフト,SSI件数,感染部位（表層切開創）,10
2021,3. 心臓・血管外科系手術,CBGC,胸部切開のみの冠動脈バイパスグラフト,SSI件数,感染部位（深部切開創）,5
2021,3. 心臓・血管外科系手術,CBGC,胸部切開のみの冠動脈バイパスグラフト,SSI件数,感染部位（臓器/体腔）,2
2021,3. 心臓・血管外科系手術,HTP,心臓移植,集計対象医療機関数,合計,0
2021,3. 心臓・血管外科系手術,HTP,心臓移植,手術件数,合計,0
2021,3. 心臓・血管外科系手術,HTP,心臓移植,各医療機関の手術件数の分布,10ﾊﾟｰｾﾝﾀｲﾙ,
2021,3. 心臓・血管外科系手術,HTP,心臓移植,各医療機関の手術件数の分布,25ﾊﾟｰｾﾝﾀｲﾙ,
2021,3. 心臓・血管外科系手術,HTP,心臓移植,各医療機関の手術件数の分布,50ﾊﾟｰｾﾝﾀｲﾙ,
2021,3. 心臓・血管外科系手術,HTP,心臓移植,各医療機関の手術件数の分布,75ﾊﾟｰｾﾝﾀｲﾙ,
2021,3. 心臓・血管外科系手術,HTP,心臓移植,各医療機関の手術件数の分布,90ﾊﾟｰｾﾝﾀｲﾙ,
2021,3. 心臓・血管外科系手術,HTP,心臓移植,年齢,平均値,
2021,3. 心臓・血管外科系手術,HTP,心臓移植,年齢,中央値,
2021,3. 心臓・血管外科系手術,HTP,心臓移植,手術件数,男,
2021,3. 心臓・血管外科系手術,HTP,心臓移植,手術件数,女,
2021,3. 心臓・血管外科系手術,HTP,心臓移植,手術件数,内視鏡有,
2021,3. 心臓・血管外科系手術,HTP,心臓移植,手術件数,内視鏡無,
2021,3. 心臓・血管外科系手術,HTP,心臓移植,手術件数,緊急,
2021,3. 心臓・血管外科系手術,HTP,心臓移植,手術件数,待機,
2021,3. 心臓・血管外科系手術,HTP,心臓移植,手術件数,埋入物有,
2021,3. 心臓・血管外科系手術,HTP,心臓移植,手術件数,埋入物無,
2021,3. 心臓・血管外科系手術,HTP,心臓移植,SSI件数,合計,
2021,3. 心臓・血管外科系手術,HTP,心臓移植,SSI発生率,全体,
2021,3. 心臓・血管外科系手術,HTP,心臓移植,各医療機関のSSI発生率の分布,10ﾊﾟｰｾﾝﾀｲﾙ,
2021,3. 心臓・血管外科系手術,HTP,心臓移植,各医療機関のSSI発生率の分布,25ﾊﾟｰｾﾝﾀｲﾙ,
2021,3. 心臓・血管外科系手術,HTP,心臓移植,各医療機関のSSI発生率の分布,50ﾊﾟｰｾﾝﾀｲﾙ,
2021,3. 心臓・血管外科系手術,HTP,心臓移植,各医療機関のSSI発生率の分布,75ﾊﾟｰｾﾝﾀｲﾙ,
2021,3. 心臓・血管外科系手術,HTP,心臓移植,各医療機関のSSI発生率の分布,90ﾊﾟｰｾﾝﾀｲﾙ,
2021,3. 心臓・血管外科系手術,HTP,心臓移植,SSI件数,男,
2021,3. 心臓・血管外科系手術,HTP,心臓移植,SSI件数,女,
2021,3. 心臓・血管外科系手術,HTP,心臓移植,SSI件数,内視鏡有,
2021,3. 心臓・血管外科系手術,HTP,心臓移植,SSI件数,内視鏡無,
2021,3. 心臓・血管外科系手術,HTP,心臓移植,SSI件数,緊急,
2021,3. 心臓・血管外科系手術,HTP,心臓移植,SSI件数,待機,
2021,3. 心臓・血管外科系手術,HTP,心臓移植,SSI件数,埋入物有,
2021,3. 心臓・血管外科系手術,HTP,心臓移植,SSI件数,埋入物無,
2021,3. 心臓・血管外科系手術,HTP,心臓移植,SSI件数,感染部位（表層切開創）,
2021,3. 心臓・血管外科系手術,HTP,心臓移植,SSI件数,感染部位（深部切開創）,
2021,3. 心臓・血管外科系手術,HTP,心臓移植,SSI件数,感染部位（臓器/体腔）,
2021,3. 心臓・血管外科系手術,PACE,ペースメーカー手術,集計対象医療機関数,合計,38
2021,3. 心臓・血管外科系手術,PACE,ペースメーカー手術,手術件数,合計,1140
2021,3. 心臓・血管外科系手術,PACE,ペースメーカー手術,各医療機関の手術件数の分布,10ﾊﾟｰｾﾝﾀｲﾙ,1
2021,3. 心臓・血管外科系手術,PACE,ペースメーカー手術,各医療機関の手術件数の分布,25ﾊﾟｰｾﾝﾀｲﾙ,2
2021,3. 心臓・血管外科系手術,PACE,ペースメーカー手術,各医療機関の手術件数の分布,50ﾊﾟｰｾﾝﾀｲﾙ,7
2021,3. 心臓・血管外科系手術,PACE,ペースメーカー手術,各医療機関の手術件数の分布,75ﾊﾟｰｾﾝﾀｲﾙ,29
2021,3. 心臓・血管外科系手術,PACE,ペースメーカー手術,各医療機関の手術件数の分布,90ﾊﾟｰｾﾝﾀｲﾙ,125
2021,3. 心臓・血管外科系手術,PACE,ペースメーカー手術,年齢,平均値,77.92894737
2021,3. 心臓・血管外科系手術,PACE,ペースメーカー手術,年齢,中央値,80
2021,3. 心臓・血管外科系手術,PACE,ペースメーカー手術,手術件数,男,581
2021,3. 心臓・血管外科系手術,PACE,ペースメーカー手術,手術件数,女,559
2021,3. 心臓・血管外科系手術,PACE,ペースメーカー手術,手術件数,内視鏡有,0
2021,3. 心臓・血管外科系手術,PACE,ペースメーカー手術,手術件数,内視鏡無,1140
2021,3. 心臓・血管外科系手術,PACE,ペースメーカー手術,手術件数,緊急,68
2021,3. 心臓・血管外科系手術,PACE,ペースメーカー手術,手術件数,待機,1072
2021,3. 心臓・血管外科系手術,PACE,ペースメーカー手術,手術件数,埋入物有,1067
2021,3. 心臓・血管外科系手術,PACE,ペースメーカー手術,手術件数,埋入物無,73
2021,3. 心臓・血管外科系手術,PACE,ペースメーカー手術,SSI件数,合計,3
2021,3. 心臓・血管外科系手術,PACE,ペースメーカー手術,SSI発生率,全体,0.263157895
2021,3. 心臓・血管外科系手術,PACE,ペースメーカー手術,各医療機関のSSI発生率の分布,10ﾊﾟｰｾﾝﾀｲﾙ,0
2021,3. 心臓・血管外科系手術,PACE,ペースメーカー手術,各医療機関のSSI発生率の分布,25ﾊﾟｰｾﾝﾀｲﾙ,0
2021,3. 心臓・血管外科系手術,PACE,ペースメーカー手術,各医療機関のSSI発生率の分布,50ﾊﾟｰｾﾝﾀｲﾙ,0
2021,3. 心臓・血管外科系手術,PACE,ペースメーカー手術,各医療機関のSSI発生率の分布,75ﾊﾟｰｾﾝﾀｲﾙ,0
2021,3. 心臓・血管外科系手術,PACE,ペースメーカー手術,各医療機関のSSI発生率の分布,90ﾊﾟｰｾﾝﾀｲﾙ,0
2021,3. 心臓・血管外科系手術,PACE,ペースメーカー手術,SSI件数,男,3
2021,3. 心臓・血管外科系手術,PACE,ペースメーカー手術,SSI件数,女,0
2021,3. 心臓・血管外科系手術,PACE,ペースメーカー手術,SSI件数,内視鏡有,0
2021,3. 心臓・血管外科系手術,PACE,ペースメーカー手術,SSI件数,内視鏡無,3
2021,3. 心臓・血管外科系手術,PACE,ペースメーカー手術,SSI件数,緊急,0
2021,3. 心臓・血管外科系手術,PACE,ペースメーカー手術,SSI件数,待機,3
2021,3. 心臓・血管外科系手術,PACE,ペースメーカー手術,SSI件数,埋入物有,3
2021,3. 心臓・血管外科系手術,PACE,ペースメーカー手術,SSI件数,埋入物無,0
2021,3. 心臓・血管外科系手術,PACE,ペースメーカー手術,SSI件数,感染部位（表層切開創）,0
2021,3. 心臓・血管外科系手術,PACE,ペースメーカー手術,SSI件数,感染部位（深部切開創）,3
2021,3. 心臓・血管外科系手術,PACE,ペースメーカー手術,SSI件数,感染部位（臓器/体腔）,0
2021,3. 心臓・血管外科系手術,PVBY,末梢血管バイパス手術,集計対象医療機関数,合計,48
2021,3. 心臓・血管外科系手術,PVBY,末梢血管バイパス手術,手術件数,合計,477
2021,3. 心臓・血管外科系手術,PVBY,末梢血管バイパス手術,各医療機関の手術件数の分布,10ﾊﾟｰｾﾝﾀｲﾙ,1
2021,3. 心臓・血管外科系手術,PVBY,末梢血管バイパス手術,各医療機関の手術件数の分布,25ﾊﾟｰｾﾝﾀｲﾙ,2
2021,3. 心臓・血管外科系手術,PVBY,末梢血管バイパス手術,各医療機関の手術件数の分布,50ﾊﾟｰｾﾝﾀｲﾙ,7
2021,3. 心臓・血管外科系手術,PVBY,末梢血管バイパス手術,各医療機関の手術件数の分布,75ﾊﾟｰｾﾝﾀｲﾙ,12
2021,3. 心臓・血管外科系手術,PVBY,末梢血管バイパス手術,各医療機関の手術件数の分布,90ﾊﾟｰｾﾝﾀｲﾙ,21
2021,3. 心臓・血管外科系手術,PVBY,末梢血管バイパス手術,年齢,平均値,72.42976939
2021,3. 心臓・血管外科系手術,PVBY,末梢血管バイパス手術,年齢,中央値,74
2021,3. 心臓・血管外科系手術,PVBY,末梢血管バイパス手術,手術件数,男,346
2021,3. 心臓・血管外科系手術,PVBY,末梢血管バイパス手術,手術件数,女,131
2021,3. 心臓・血管外科系手術,PVBY,末梢血管バイパス手術,手術件数,内視鏡有,0
2021,3. 心臓・血管外科系手術,PVBY,末梢血管バイパス手術,手術件数,内視鏡無,477
2021,3. 心臓・血管外科系手術,PVBY,末梢血管バイパス手術,手術件数,緊急,109
2021,3. 心臓・血管外科系手術,PVBY,末梢血管バイパス手術,手術件数,待機,368
2021,3. 心臓・血管外科系手術,PVBY,末梢血管バイパス手術,手術件数,埋入物有,279
2021,3. 心臓・血管外科系手術,PVBY,末梢血管バイパス手術,手術件数,埋入物無,198
2021,3. 心臓・血管外科系手術,PVBY,末梢血管バイパス手術,SSI件数,合計,12
2021,3. 心臓・血管外科系手術,PVBY,末梢血管バイパス手術,SSI発生率,全体,2.51572327
2021,3. 心臓・血管外科系手術,PVBY,末梢血管バイパス手術,各医療機関のSSI発生率の分布,10ﾊﾟｰｾﾝﾀｲﾙ,0
2021,3. 心臓・血管外科系手術,PVBY,末梢血管バイパス手術,各医療機関のSSI発生率の分布,25ﾊﾟｰｾﾝﾀｲﾙ,0
2021,3. 心臓・血管外科系手術,PVBY,末梢血管バイパス手術,各医療機関のSSI発生率の分布,50ﾊﾟｰｾﾝﾀｲﾙ,0
2021,3. 心臓・血管外科系手術,PVBY,末梢血管バイパス手術,各医療機関のSSI発生率の分布,75ﾊﾟｰｾﾝﾀｲﾙ,0
2021,3. 心臓・血管外科系手術,PVBY,末梢血管バイパス手術,各医療機関のSSI発生率の分布,90ﾊﾟｰｾﾝﾀｲﾙ,7.3
2021,3. 心臓・血管外科系手術,PVBY,末梢血管バイパス手術,SSI件数,男,11
2021,3. 心臓・血管外科系手術,PVBY,末梢血管バイパス手術,SSI件数,女,1
2021,3. 心臓・血管外科系手術,PVBY,末梢血管バイパス手術,SSI件数,内視鏡有,0
2021,3. 心臓・血管外科系手術,PVBY,末梢血管バイパス手術,SSI件数,内視鏡無,12
2021,3. 心臓・血管外科系手術,PVBY,末梢血管バイパス手術,SSI件数,緊急,5
2021,3. 心臓・血管外科系手術,PVBY,末梢血管バイパス手術,SSI件数,待機,7
2021,3. 心臓・血管外科系手術,PVBY,末梢血管バイパス手術,SSI件数,埋入物有,8
2021,3. 心臓・血管外科系手術,PVBY,末梢血管バイパス手術,SSI件数,埋入物無,4
2021,3. 心臓・血管外科系手術,PVBY,末梢血管バイパス手術,SSI件数,感染部位（表層切開創）,6
2021,3. 心臓・血管外科系手術,PVBY,末梢血管バイパス手術,SSI件数,感染部位（深部切開創）,6
2021,3. 心臓・血管外科系手術,PVBY,末梢血管バイパス手術,SSI件数,感染部位（臓器/体腔）,0
2021,3. 心臓・血管外科系手術,TAA,胸部大動脈手術,集計対象医療機関数,合計,103
2021,3. 心臓・血管外科系手術,TAA,胸部大動脈手術,手術件数,合計,3052
2021,3. 心臓・血管外科系手術,TAA,胸部大動脈手術,各医療機関の手術件数の分布,10ﾊﾟｰｾﾝﾀｲﾙ,6
2021,3. 心臓・血管外科系手術,TAA,胸部大動脈手術,各医療機関の手術件数の分布,25ﾊﾟｰｾﾝﾀｲﾙ,12
2021,3. 心臓・血管外科系手術,TAA,胸部大動脈手術,各医療機関の手術件数の分布,50ﾊﾟｰｾﾝﾀｲﾙ,24
2021,3. 心臓・血管外科系手術,TAA,胸部大動脈手術,各医療機関の手術件数の分布,75ﾊﾟｰｾﾝﾀｲﾙ,39
2021,3. 心臓・血管外科系手術,TAA,胸部大動脈手術,各医療機関の手術件数の分布,90ﾊﾟｰｾﾝﾀｲﾙ,55
2021,3. 心臓・血管外科系手術,TAA,胸部大動脈手術,年齢,平均値,67.96625164
2021,3. 心臓・血管外科系手術,TAA,胸部大動脈手術,年齢,中央値,71
2021,3. 心臓・血管外科系手術,TAA,胸部大動脈手術,手術件数,男,1892
2021,3. 心臓・血管外科系手術,TAA,胸部大動脈手術,手術件数,女,1160
2021,3. 心臓・血管外科系手術,TAA,胸部大動脈手術,手術件数,内視鏡有,0
2021,3. 心臓・血管外科系手術,TAA,胸部大動脈手術,手術件数,内視鏡無,3052
2021,3. 心臓・血管外科系手術,TAA,胸部大動脈手術,手術件数,緊急,1390
2021,3. 心臓・血管外科系手術,TAA,胸部大動脈手術,手術件数,待機,1662
2021,3. 心臓・血管外科系手術,TAA,胸部大動脈手術,手術件数,埋入物有,2910
2021,3. 心臓・血管外科系手術,TAA,胸部大動脈手術,手術件数,埋入物無,142
2021,3. 心臓・血管外科系手術,TAA,胸部大動脈手術,SSI件数,合計,87
2021,3. 心臓・血管外科系手術,TAA,胸部大動脈手術,SSI発生率,全体,2.850589777
2021,3. 心臓・血管外科系手術,TAA,胸部大動脈手術,各医療機関のSSI発生率の分布,10ﾊﾟｰｾﾝﾀｲﾙ,0
2021,3. 心臓・血管外科系手術,TAA,胸部大動脈手術,各医療機関のSSI発生率の分布,25ﾊﾟｰｾﾝﾀｲﾙ,0
2021,3. 心臓・血管外科系手術,TAA,胸部大動脈手術,各医療機関のSSI発生率の分布,50ﾊﾟｰｾﾝﾀｲﾙ,0
2021,3. 心臓・血管外科系手術,TAA,胸部大動脈手術,各医療機関のSSI発生率の分布,75ﾊﾟｰｾﾝﾀｲﾙ,4.4
2021,3. 心臓・血管外科系手術,TAA,胸部大動脈手術,各医療機関のSSI発生率の分布,90ﾊﾟｰｾﾝﾀｲﾙ,8.9
2021,3. 心臓・血管外科系手術,TAA,胸部大動脈手術,SSI件数,男,59
2021,3. 心臓・血管外科系手術,TAA,胸部大動脈手術,SSI件数,女,28
2021,3. 心臓・血管外科系手術,TAA,胸部大動脈手術,SSI件数,内視鏡有,0
2021,3. 心臓・血管外科系手術,TAA,胸部大動脈手術,SSI件数,内視鏡無,87
2021,3. 心臓・血管外科系手術,TAA,胸部大動脈手術,SSI件数,緊急,45
2021,3. 心臓・血管外科系手術,TAA,胸部大動脈手術,SSI件数,待機,42
2021,3. 心臓・血管外科系手術,TAA,胸部大動脈手術,SSI件数,埋入物有,85
2021,3. 心臓・血管外科系手術,TAA,胸部大動脈手術,SSI件数,埋入物無,2
2021,3. 心臓・血管外科系手術,TAA,胸部大動脈手術,SSI件数,感染部位（表層切開創）,26
2021,3. 心臓・血管外科系手術,TAA,胸部大動脈手術,SSI件数,感染部位（深部切開創）,30
2021,3. 心臓・血管外科系手術,TAA,胸部大動脈手術,SSI件数,感染部位（臓器/体腔）,31
2021,3. 心臓・血管外科系手術,TAE,胸部大動脈血管内手術,集計対象医療機関数,合計,64
2021,3. 心臓・血管外科系手術,TAE,胸部大動脈血管内手術,手術件数,合計,993
2021,3. 心臓・血管外科系手術,TAE,胸部大動脈血管内手術,各医療機関の手術件数の分布,10ﾊﾟｰｾﾝﾀｲﾙ,2
2021,3. 心臓・血管外科系手術,TAE,胸部大動脈血管内手術,各医療機関の手術件数の分布,25ﾊﾟｰｾﾝﾀｲﾙ,4
2021,3. 心臓・血管外科系手術,TAE,胸部大動脈血管内手術,各医療機関の手術件数の分布,50ﾊﾟｰｾﾝﾀｲﾙ,10
2021,3. 心臓・血管外科系手術,TAE,胸部大動脈血管内手術,各医療機関の手術件数の分布,75ﾊﾟｰｾﾝﾀｲﾙ,21
2021,3. 心臓・血管外科系手術,TAE,胸部大動脈血管内手術,各医療機関の手術件数の分布,90ﾊﾟｰｾﾝﾀｲﾙ,43
2021,3. 心臓・血管外科系手術,TAE,胸部大動脈血管内手術,年齢,平均値,71.35246727
2021,3. 心臓・血管外科系手術,TAE,胸部大動脈血管内手術,年齢,中央値,74
2021,3. 心臓・血管外科系手術,TAE,胸部大動脈血管内手術,手術件数,男,702
2021,3. 心臓・血管外科系手術,TAE,胸部大動脈血管内手術,手術件数,女,291
2021,3. 心臓・血管外科系手術,TAE,胸部大動脈血管内手術,手術件数,内視鏡有,0
2021,3. 心臓・血管外科系手術,TAE,胸部大動脈血管内手術,手術件数,内視鏡無,993
2021,3. 心臓・血管外科系手術,TAE,胸部大動脈血管内手術,手術件数,緊急,208
2021,3. 心臓・血管外科系手術,TAE,胸部大動脈血管内手術,手術件数,待機,785
2021,3. 心臓・血管外科系手術,TAE,胸部大動脈血管内手術,手術件数,埋入物有,954
2021,3. 心臓・血管外科系手術,TAE,胸部大動脈血管内手術,手術件数,埋入物無,39
2021,3. 心臓・血管外科系手術,TAE,胸部大動脈血管内手術,SSI件数,合計,12
2021,3. 心臓・血管外科系手術,TAE,胸部大動脈血管内手術,SSI発生率,全体,1.208459215
2021,3. 心臓・血管外科系手術,TAE,胸部大動脈血管内手術,各医療機関のSSI発生率の分布,10ﾊﾟｰｾﾝﾀｲﾙ,0
2021,3. 心臓・血管外科系手術,TAE,胸部大動脈血管内手術,各医療機関のSSI発生率の分布,25ﾊﾟｰｾﾝﾀｲﾙ,0
2021,3. 心臓・血管外科系手術,TAE,胸部大動脈血管内手術,各医療機関のSSI発生率の分布,50ﾊﾟｰｾﾝﾀｲﾙ,0
2021,3. 心臓・血管外科系手術,TAE,胸部大動脈血管内手術,各医療機関のSSI発生率の分布,75ﾊﾟｰｾﾝﾀｲﾙ,0
2021,3. 心臓・血管外科系手術,TAE,胸部大動脈血管内手術,各医療機関のSSI発生率の分布,90ﾊﾟｰｾﾝﾀｲﾙ,2.3
2021,3. 心臓・血管外科系手術,TAE,胸部大動脈血管内手術,SSI件数,男,7
2021,3. 心臓・血管外科系手術,TAE,胸部大動脈血管内手術,SSI件数,女,5
2021,3. 心臓・血管外科系手術,TAE,胸部大動脈血管内手術,SSI件数,内視鏡有,0
2021,3. 心臓・血管外科系手術,TAE,胸部大動脈血管内手術,SSI件数,内視鏡無,12
2021,3. 心臓・血管外科系手術,TAE,胸部大動脈血管内手術,SSI件数,緊急,4
2021,3. 心臓・血管外科系手術,TAE,胸部大動脈血管内手術,SSI件数,待機,8
2021,3. 心臓・血管外科系手術,TAE,胸部大動脈血管内手術,SSI件数,埋入物有,12
2021,3. 心臓・血管外科系手術,TAE,胸部大動脈血管内手術,SSI件数,埋入物無,0
2021,3. 心臓・血管外科系手術,TAE,胸部大動脈血管内手術,SSI件数,感染部位（表層切開創）,7
2021,3. 心臓・血管外科系手術,TAE,胸部大動脈血管内手術,SSI件数,感染部位（深部切開創）,4
2021,3. 心臓・血管外科系手術,TAE,胸部大動脈血管内手術,SSI件数,感染部位（臓器/体腔）,1
2021,3. 心臓・血管外科系手術,VARX,下肢静脈瘤手術,集計対象医療機関数,合計,38
2021,3. 心臓・血管外科系手術,VARX,下肢静脈瘤手術,手術件数,合計,401
2021,3. 心臓・血管外科系手術,VARX,下肢静脈瘤手術,各医療機関の手術件数の分布,10ﾊﾟｰｾﾝﾀｲﾙ,1
2021,3. 心臓・血管外科系手術,VARX,下肢静脈瘤手術,各医療機関の手術件数の分布,25ﾊﾟｰｾﾝﾀｲﾙ,2
2021,3. 心臓・血管外科系手術,VARX,下肢静脈瘤手術,各医療機関の手術件数の分布,50ﾊﾟｰｾﾝﾀｲﾙ,4
2021,3. 心臓・血管外科系手術,VARX,下肢静脈瘤手術,各医療機関の手術件数の分布,75ﾊﾟｰｾﾝﾀｲﾙ,10
2021,3. 心臓・血管外科系手術,VARX,下肢静脈瘤手術,各医療機関の手術件数の分布,90ﾊﾟｰｾﾝﾀｲﾙ,24
2021,3. 心臓・血管外科系手術,VARX,下肢静脈瘤手術,年齢,平均値,67.88279302
2021,3. 心臓・血管外科系手術,VARX,下肢静脈瘤手術,年齢,中央値,70
2021,3. 心臓・血管外科系手術,VARX,下肢静脈瘤手術,手術件数,男,162
2021,3. 心臓・血管外科系手術,VARX,下肢静脈瘤手術,手術件数,女,239
2021,3. 心臓・血管外科系手術,VARX,下肢静脈瘤手術,手術件数,内視鏡有,0
2021,3. 心臓・血管外科系手術,VARX,下肢静脈瘤手術,手術件数,内視鏡無,401
2021,3. 心臓・血管外科系手術,VARX,下肢静脈瘤手術,手術件数,緊急,6
2021,3. 心臓・血管外科系手術,VARX,下肢静脈瘤手術,手術件数,待機,395
2021,3. 心臓・血管外科系手術,VARX,下肢静脈瘤手術,手術件数,埋入物有,3
2021,3. 心臓・血管外科系手術,VARX,下肢静脈瘤手術,手術件数,埋入物無,398
2021,3. 心臓・血管外科系手術,VARX,下肢静脈瘤手術,SSI件数,合計,0
2021,3. 心臓・血管外科系手術,VARX,下肢静脈瘤手術,SSI発生率,全体,0
2021,3. 心臓・血管外科系手術,VARX,下肢静脈瘤手術,各医療機関のSSI発生率の分布,10ﾊﾟｰｾﾝﾀｲﾙ,0
2021,3. 心臓・血管外科系手術,VARX,下肢静脈瘤手術,各医療機関のSSI発生率の分布,25ﾊﾟｰｾﾝﾀｲﾙ,0
2021,3. 心臓・血管外科系手術,VARX,下肢静脈瘤手術,各医療機関のSSI発生率の分布,50ﾊﾟｰｾﾝﾀｲﾙ,0
2021,3. 心臓・血管外科系手術,VARX,下肢静脈瘤手術,各医療機関のSSI発生率の分布,75ﾊﾟｰｾﾝﾀｲﾙ,0
2021,3. 心臓・血管外科系手術,VARX,下肢静脈瘤手術,各医療機関のSSI発生率の分布,90ﾊﾟｰｾﾝﾀｲﾙ,0
2021,3. 心臓・血管外科系手術,VARX,下肢静脈瘤手術,SSI件数,男,0
2021,3. 心臓・血管外科系手術,VARX,下肢静脈瘤手術,SSI件数,女,0
2021,3. 心臓・血管外科系手術,VARX,下肢静脈瘤手術,SSI件数,内視鏡有,0
2021,3. 心臓・血管外科系手術,VARX,下肢静脈瘤手術,SSI件数,内視鏡無,0
2021,3. 心臓・血管外科系手術,VARX,下肢静脈瘤手術,SSI件数,緊急,0
2021,3. 心臓・血管外科系手術,VARX,下肢静脈瘤手術,SSI件数,待機,0
2021,3. 心臓・血管外科系手術,VARX,下肢静脈瘤手術,SSI件数,埋入物有,0
2021,3. 心臓・血管外科系手術,VARX,下肢静脈瘤手術,SSI件数,埋入物無,0
2021,3. 心臓・血管外科系手術,VARX,下肢静脈瘤手術,SSI件数,感染部位（表層切開創）,0
2021,3. 心臓・血管外科系手術,VARX,下肢静脈瘤手術,SSI件数,感染部位（深部切開創）,0
2021,3. 心臓・血管外科系手術,VARX,下肢静脈瘤手術,SSI件数,感染部位（臓器/体腔）,0
2021,4. 整形外科系手術,AMP,四肢切断術,集計対象医療機関数,合計,64
2021,4. 整形外科系手術,AMP,四肢切断術,手術件数,合計,425
2021,4. 整形外科系手術,AMP,四肢切断術,各医療機関の手術件数の分布,10ﾊﾟｰｾﾝﾀｲﾙ,1
2021,4. 整形外科系手術,AMP,四肢切断術,各医療機関の手術件数の分布,25ﾊﾟｰｾﾝﾀｲﾙ,2
2021,4. 整形外科系手術,AMP,四肢切断術,各医療機関の手術件数の分布,50ﾊﾟｰｾﾝﾀｲﾙ,3
2021,4. 整形外科系手術,AMP,四肢切断術,各医療機関の手術件数の分布,75ﾊﾟｰｾﾝﾀｲﾙ,9
2021,4. 整形外科系手術,AMP,四肢切断術,各医療機関の手術件数の分布,90ﾊﾟｰｾﾝﾀｲﾙ,17
2021,4. 整形外科系手術,AMP,四肢切断術,年齢,平均値,71.69176471
2021,4. 整形外科系手術,AMP,四肢切断術,年齢,中央値,72
2021,4. 整形外科系手術,AMP,四肢切断術,手術件数,男,281
2021,4. 整形外科系手術,AMP,四肢切断術,手術件数,女,144
2021,4. 整形外科系手術,AMP,四肢切断術,手術件数,内視鏡有,0
2021,4. 整形外科系手術,AMP,四肢切断術,手術件数,内視鏡無,425
2021,4. 整形外科系手術,AMP,四肢切断術,手術件数,緊急,103
2021,4. 整形外科系手術,AMP,四肢切断術,手術件数,待機,322
2021,4. 整形外科系手術,AMP,四肢切断術,手術件数,埋入物有,32
2021,4. 整形外科系手術,AMP,四肢切断術,手術件数,埋入物無,393
2021,4. 整形外科系手術,AMP,四肢切断術,SSI件数,合計,20
2021,4. 整形外科系手術,AMP,四肢切断術,SSI発生率,全体,4.705882353
2021,4. 整形外科系手術,AMP,四肢切断術,各医療機関のSSI発生率の分布,10ﾊﾟｰｾﾝﾀｲﾙ,0
2021,4. 整形外科系手術,AMP,四肢切断術,各医療機関のSSI発生率の分布,25ﾊﾟｰｾﾝﾀｲﾙ,0
2021,4. 整形外科系手術,AMP,四肢切断術,各医療機関のSSI発生率の分布,50ﾊﾟｰｾﾝﾀｲﾙ,0
2021,4. 整形外科系手術,AMP,四肢切断術,各医療機関のSSI発生率の分布,75ﾊﾟｰｾﾝﾀｲﾙ,0
2021,4. 整形外科系手術,AMP,四肢切断術,各医療機関のSSI発生率の分布,90ﾊﾟｰｾﾝﾀｲﾙ,14.7
2021,4. 整形外科系手術,AMP,四肢切断術,SSI件数,男,17
2021,4. 整形外科系手術,AMP,四肢切断術,SSI件数,女,3
2021,4. 整形外科系手術,AMP,四肢切断術,SSI件数,内視鏡有,0
2021,4. 整形外科系手術,AMP,四肢切断術,SSI件数,内視鏡無,20
2021,4. 整形外科系手術,AMP,四肢切断術,SSI件数,緊急,4
2021,4. 整形外科系手術,AMP,四肢切断術,SSI件数,待機,16
2021,4. 整形外科系手術,AMP,四肢切断術,SSI件数,埋入物有,0
2021,4. 整形外科系手術,AMP,四肢切断術,SSI件数,埋入物無,20
2021,4. 整形外科系手術,AMP,四肢切断術,SSI件数,感染部位（表層切開創）,9
2021,4. 整形外科系手術,AMP,四肢切断術,SSI件数,感染部位（深部切開創）,10
2021,4. 整形外科系手術,AMP,四肢切断術,SSI件数,感染部位（臓器/体腔）,1
2021,4. 整形外科系手術,FUSN,脊椎固定術,集計対象医療機関数,合計,156
2021,4. 整形外科系手術,FUSN,脊椎固定術,手術件数,合計,10503
2021,4. 整形外科系手術,FUSN,脊椎固定術,各医療機関の手術件数の分布,10ﾊﾟｰｾﾝﾀｲﾙ,3
2021,4. 整形外科系手術,FUSN,脊椎固定術,各医療機関の手術件数の分布,25ﾊﾟｰｾﾝﾀｲﾙ,8
2021,4. 整形外科系手術,FUSN,脊椎固定術,各医療機関の手術件数の分布,50ﾊﾟｰｾﾝﾀｲﾙ,42
2021,4. 整形外科系手術,FUSN,脊椎固定術,各医療機関の手術件数の分布,75ﾊﾟｰｾﾝﾀｲﾙ,87
2021,4. 整形外科系手術,FUSN,脊椎固定術,各医療機関の手術件数の分布,90ﾊﾟｰｾﾝﾀｲﾙ,148
2021,4. 整形外科系手術,FUSN,脊椎固定術,年齢,平均値,67.54032181
2021,4. 整形外科系手術,FUSN,脊椎固定術,年齢,中央値,71
2021,4. 整形外科系手術,FUSN,脊椎固定術,手術件数,男,5368
2021,4. 整形外科系手術,FUSN,脊椎固定術,手術件数,女,5135
2021,4. 整形外科系手術,FUSN,脊椎固定術,手術件数,内視鏡有,155
2021,4. 整形外科系手術,FUSN,脊椎固定術,手術件数,内視鏡無,10348
2021,4. 整形外科系手術,FUSN,脊椎固定術,手術件数,緊急,518
2021,4. 整形外科系手術,FUSN,脊椎固定術,手術件数,待機,9985
2021,4. 整形外科系手術,FUSN,脊椎固定術,手術件数,埋入物有,9880
2021,4. 整形外科系手術,FUSN,脊椎固定術,手術件数,埋入物無,623
2021,4. 整形外科系手術,FUSN,脊椎固定術,SSI件数,合計,206
2021,4. 整形外科系手術,FUSN,脊椎固定術,SSI発生率,全体,1.961344378
2021,4. 整形外科系手術,FUSN,脊椎固定術,各医療機関のSSI発生率の分布,10ﾊﾟｰｾﾝﾀｲﾙ,0
2021,4. 整形外科系手術,FUSN,脊椎固定術,各医療機関のSSI発生率の分布,25ﾊﾟｰｾﾝﾀｲﾙ,0
2021,4. 整形外科系手術,FUSN,脊椎固定術,各医療機関のSSI発生率の分布,50ﾊﾟｰｾﾝﾀｲﾙ,0
2021,4. 整形外科系手術,FUSN,脊椎固定術,各医療機関のSSI発生率の分布,75ﾊﾟｰｾﾝﾀｲﾙ,2.6
2021,4. 整形外科系手術,FUSN,脊椎固定術,各医療機関のSSI発生率の分布,90ﾊﾟｰｾﾝﾀｲﾙ,6
2021,4. 整形外科系手術,FUSN,脊椎固定術,SSI件数,男,112
2021,4. 整形外科系手術,FUSN,脊椎固定術,SSI件数,女,94
2021,4. 整形外科系手術,FUSN,脊椎固定術,SSI件数,内視鏡有,2
2021,4. 整形外科系手術,FUSN,脊椎固定術,SSI件数,内視鏡無,204
2021,4. 整形外科系手術,FUSN,脊椎固定術,SSI件数,緊急,21
2021,4. 整形外科系手術,FUSN,脊椎固定術,SSI件数,待機,185
2021,4. 整形外科系手術,FUSN,脊椎固定術,SSI件数,埋入物有,197
2021,4. 整形外科系手術,FUSN,脊椎固定術,SSI件数,埋入物無,9
2021,4. 整形外科系手術,FUSN,脊椎固定術,SSI件数,感染部位（表層切開創）,65
2021,4. 整形外科系手術,FUSN,脊椎固定術,SSI件数,感染部位（深部切開創）,118
2021,4. 整形外科系手術,FUSN,脊椎固定術,SSI件数,感染部位（臓器/体腔）,23
2021,4. 整形外科系手術,FX,骨折の観血的整復術,集計対象医療機関数,合計,145
2021,4. 整形外科系手術,FX,骨折の観血的整復術,手術件数,合計,21716
2021,4. 整形外科系手術,FX,骨折の観血的整復術,各医療機関の手術件数の分布,10ﾊﾟｰｾﾝﾀｲﾙ,16
2021,4. 整形外科系手術,FX,骨折の観血的整復術,各医療機関の手術件数の分布,25ﾊﾟｰｾﾝﾀｲﾙ,47
2021,4. 整形外科系手術,FX,骨折の観血的整復術,各医療機関の手術件数の分布,50ﾊﾟｰｾﾝﾀｲﾙ,111
2021,4. 整形外科系手術,FX,骨折の観血的整復術,各医療機関の手術件数の分布,75ﾊﾟｰｾﾝﾀｲﾙ,213
2021,4. 整形外科系手術,FX,骨折の観血的整復術,各医療機関の手術件数の分布,90ﾊﾟｰｾﾝﾀｲﾙ,347
2021,4. 整形外科系手術,FX,骨折の観血的整復術,年齢,平均値,68.58910481
2021,4. 整形外科系手術,FX,骨折の観血的整復術,年齢,中央値,74
2021,4. 整形外科系手術,FX,骨折の観血的整復術,手術件数,男,7694
2021,4. 整形外科系手術,FX,骨折の観血的整復術,手術件数,女,14022
2021,4. 整形外科系手術,FX,骨折の観血的整復術,手術件数,内視鏡有,224
2021,4. 整形外科系手術,FX,骨折の観血的整復術,手術件数,内視鏡無,21492
2021,4. 整形外科系手術,FX,骨折の観血的整復術,手術件数,緊急,4404
2021,4. 整形外科系手術,FX,骨折の観血的整復術,手術件数,待機,17312
2021,4. 整形外科系手術,FX,骨折の観血的整復術,手術件数,埋入物有,19857
2021,4. 整形外科系手術,FX,骨折の観血的整復術,手術件数,埋入物無,1859
2021,4. 整形外科系手術,FX,骨折の観血的整復術,SSI件数,合計,115
2021,4. 整形外科系手術,FX,骨折の観血的整復術,SSI発生率,全体,0.529563456
2021,4. 整形外科系手術,FX,骨折の観血的整復術,各医療機関のSSI発生率の分布,10ﾊﾟｰｾﾝﾀｲﾙ,0
2021,4. 整形外科系手術,FX,骨折の観血的整復術,各医療機関のSSI発生率の分布,25ﾊﾟｰｾﾝﾀｲﾙ,0
2021,4. 整形外科系手術,FX,骨折の観血的整復術,各医療機関のSSI発生率の分布,50ﾊﾟｰｾﾝﾀｲﾙ,0
2021,4. 整形外科系手術,FX,骨折の観血的整復術,各医療機関のSSI発生率の分布,75ﾊﾟｰｾﾝﾀｲﾙ,0.6
2021,4. 整形外科系手術,FX,骨折の観血的整復術,各医療機関のSSI発生率の分布,90ﾊﾟｰｾﾝﾀｲﾙ,1.3
2021,4. 整形外科系手術,FX,骨折の観血的整復術,SSI件数,男,77
2021,4. 整形外科系手術,FX,骨折の観血的整復術,SSI件数,女,38
2021,4. 整形外科系手術,FX,骨折の観血的整復術,SSI件数,内視鏡有,7
2021,4. 整形外科系手術,FX,骨折の観血的整復術,SSI件数,内視鏡無,108
2021,4. 整形外科系手術,FX,骨折の観血的整復術,SSI件数,緊急,26
2021,4. 整形外科系手術,FX,骨折の観血的整復術,SSI件数,待機,89
2021,4. 整形外科系手術,FX,骨折の観血的整復術,SSI件数,埋入物有,101
2021,4. 整形外科系手術,FX,骨折の観血的整復術,SSI件数,埋入物無,14
2021,4. 整形外科系手術,FX,骨折の観血的整復術,SSI件数,感染部位（表層切開創）,56
2021,4. 整形外科系手術,FX,骨折の観血的整復術,SSI件数,感染部位（深部切開創）,40
2021,4. 整形外科系手術,FX,骨折の観血的整復術,SSI件数,感染部位（臓器/体腔）,19
2021,4. 整形外科系手術,HPRO,人工股関節,集計対象医療機関数,合計,223
2021,4. 整形外科系手術,HPRO,人工股関節,手術件数,合計,16281
2021,4. 整形外科系手術,HPRO,人工股関節,各医療機関の手術件数の分布,10ﾊﾟｰｾﾝﾀｲﾙ,7
2021,4. 整形外科系手術,HPRO,人工股関節,各医療機関の手術件数の分布,25ﾊﾟｰｾﾝﾀｲﾙ,20
2021,4. 整形外科系手術,HPRO,人工股関節,各医療機関の手術件数の分布,50ﾊﾟｰｾﾝﾀｲﾙ,51
2021,4. 整形外科系手術,HPRO,人工股関節,各医療機関の手術件数の分布,75ﾊﾟｰｾﾝﾀｲﾙ,101
2021,4. 整形外科系手術,HPRO,人工股関節,各医療機関の手術件数の分布,90ﾊﾟｰｾﾝﾀｲﾙ,156
2021,4. 整形外科系手術,HPRO,人工股関節,年齢,平均値,73.86401327
2021,4. 整形外科系手術,HPRO,人工股関節,年齢,中央値,74
2021,4. 整形外科系手術,HPRO,人工股関節,手術件数,男,3422
2021,4. 整形外科系手術,HPRO,人工股関節,手術件数,女,12859
2021,4. 整形外科系手術,HPRO,人工股関節,手術件数,内視鏡有,28
2021,4. 整形外科系手術,HPRO,人工股関節,手術件数,内視鏡無,16253
2021,4. 整形外科系手術,HPRO,人工股関節,手術件数,緊急,1296
2021,4. 整形外科系手術,HPRO,人工股関節,手術件数,待機,14985
2021,4. 整形外科系手術,HPRO,人工股関節,手術件数,埋入物有,15921
2021,4. 整形外科系手術,HPRO,人工股関節,手術件数,埋入物無,360
2021,4. 整形外科系手術,HPRO,人工股関節,SSI件数,合計,100
2021,4. 整形外科系手術,HPRO,人工股関節,SSI発生率,全体,0.614212886
2021,4. 整形外科系手術,HPRO,人工股関節,各医療機関のSSI発生率の分布,10ﾊﾟｰｾﾝﾀｲﾙ,0
2021,4. 整形外科系手術,HPRO,人工股関節,各医療機関のSSI発生率の分布,25ﾊﾟｰｾﾝﾀｲﾙ,0
2021,4. 整形外科系手術,HPRO,人工股関節,各医療機関のSSI発生率の分布,50ﾊﾟｰｾﾝﾀｲﾙ,0
2021,4. 整形外科系手術,HPRO,人工股関節,各医療機関のSSI発生率の分布,75ﾊﾟｰｾﾝﾀｲﾙ,0.6
2021,4. 整形外科系手術,HPRO,人工股関節,各医療機関のSSI発生率の分布,90ﾊﾟｰｾﾝﾀｲﾙ,2.4
2021,4. 整形外科系手術,HPRO,人工股関節,SSI件数,男,37
2021,4. 整形外科系手術,HPRO,人工股関節,SSI件数,女,63
2021,4. 整形外科系手術,HPRO,人工股関節,SSI件数,内視鏡有,0
2021,4. 整形外科系手術,HPRO,人工股関節,SSI件数,内視鏡無,100
2021,4. 整形外科系手術,HPRO,人工股関節,SSI件数,緊急,11
2021,4. 整形外科系手術,HPRO,人工股関節,SSI件数,待機,89
2021,4. 整形外科系手術,HPRO,人工股関節,SSI件数,埋入物有,98
2021,4. 整形外科系手術,HPRO,人工股関節,SSI件数,埋入物無,2
2021,4. 整形外科系手術,HPRO,人工股関節,SSI件数,感染部位（表層切開創）,31
2021,4. 整形外科系手術,HPRO,人工股関節,SSI件数,感染部位（深部切開創）,34
2021,4. 整形外科系手術,HPRO,人工股関節,SSI件数,感染部位（臓器/体腔）,35
2021,4. 整形外科系手術,KPRO,人工膝関節,集計対象医療機関数,合計,202
2021,4. 整形外科系手術,KPRO,人工膝関節,手術件数,合計,11666
2021,4. 整形外科系手術,KPRO,人工膝関節,各医療機関の手術件数の分布,10ﾊﾟｰｾﾝﾀｲﾙ,4
2021,4. 整形外科系手術,KPRO,人工膝関節,各医療機関の手術件数の分布,25ﾊﾟｰｾﾝﾀｲﾙ,15
2021,4. 整形外科系手術,KPRO,人工膝関節,各医療機関の手術件数の分布,50ﾊﾟｰｾﾝﾀｲﾙ,31
2021,4. 整形外科系手術,KPRO,人工膝関節,各医療機関の手術件数の分布,75ﾊﾟｰｾﾝﾀｲﾙ,67
2021,4. 整形外科系手術,KPRO,人工膝関節,各医療機関の手術件数の分布,90ﾊﾟｰｾﾝﾀｲﾙ,143
2021,4. 整形外科系手術,KPRO,人工膝関節,年齢,平均値,74.52048688
2021,4. 整形外科系手術,KPRO,人工膝関節,年齢,中央値,75
2021,4. 整形外科系手術,KPRO,人工膝関節,手術件数,男,2711
2021,4. 整形外科系手術,KPRO,人工膝関節,手術件数,女,8955
2021,4. 整形外科系手術,KPRO,人工膝関節,手術件数,内視鏡有,31
2021,4. 整形外科系手術,KPRO,人工膝関節,手術件数,内視鏡無,11635
2021,4. 整形外科系手術,KPRO,人工膝関節,手術件数,緊急,53
2021,4. 整形外科系手術,KPRO,人工膝関節,手術件数,待機,11613
2021,4. 整形外科系手術,KPRO,人工膝関節,手術件数,埋入物有,11579
2021,4. 整形外科系手術,KPRO,人工膝関節,手術件数,埋入物無,87
2021,4. 整形外科系手術,KPRO,人工膝関節,SSI件数,合計,66
2021,4. 整形外科系手術,KPRO,人工膝関節,SSI発生率,全体,0.565746614
2021,4. 整形外科系手術,KPRO,人工膝関節,各医療機関のSSI発生率の分布,10ﾊﾟｰｾﾝﾀｲﾙ,0
2021,4. 整形外科系手術,KPRO,人工膝関節,各医療機関のSSI発生率の分布,25ﾊﾟｰｾﾝﾀｲﾙ,0
2021,4. 整形外科系手術,KPRO,人工膝関節,各医療機関のSSI発生率の分布,50ﾊﾟｰｾﾝﾀｲﾙ,0
2021,4. 整形外科系手術,KPRO,人工膝関節,各医療機関のSSI発生率の分布,75ﾊﾟｰｾﾝﾀｲﾙ,0
2021,4. 整形外科系手術,KPRO,人工膝関節,各医療機関のSSI発生率の分布,90ﾊﾟｰｾﾝﾀｲﾙ,2.6
2021,4. 整形外科系手術,KPRO,人工膝関節,SSI件数,男,26
2021,4. 整形外科系手術,KPRO,人工膝関節,SSI件数,女,40
2021,4. 整形外科系手術,KPRO,人工膝関節,SSI件数,内視鏡有,0
2021,4. 整形外科系手術,KPRO,人工膝関節,SSI件数,内視鏡無,66
2021,4. 整形外科系手術,KPRO,人工膝関節,SSI件数,緊急,1
2021,4. 整形外科系手術,KPRO,人工膝関節,SSI件数,待機,65
2021,4. 整形外科系手術,KPRO,人工膝関節,SSI件数,埋入物有,64
2021,4. 整形外科系手術,KPRO,人工膝関節,SSI件数,埋入物無,2
2021,4. 整形外科系手術,KPRO,人工膝関節,SSI件数,感染部位（表層切開創）,26
2021,4. 整形外科系手術,KPRO,人工膝関節,SSI件数,感染部位（深部切開創）,11
2021,4. 整形外科系手術,KPRO,人工膝関節,SSI件数,感染部位（臓器/体腔）,29
2021,4. 整形外科系手術,LAM,椎弓切除術,集計対象医療機関数,合計,136
2021,4. 整形外科系手術,LAM,椎弓切除術,手術件数,合計,10257
2021,4. 整形外科系手術,LAM,椎弓切除術,各医療機関の手術件数の分布,10ﾊﾟｰｾﾝﾀｲﾙ,2
2021,4. 整形外科系手術,LAM,椎弓切除術,各医療機関の手術件数の分布,25ﾊﾟｰｾﾝﾀｲﾙ,11
2021,4. 整形外科系手術,LAM,椎弓切除術,各医療機関の手術件数の分布,50ﾊﾟｰｾﾝﾀｲﾙ,42
2021,4. 整形外科系手術,LAM,椎弓切除術,各医療機関の手術件数の分布,75ﾊﾟｰｾﾝﾀｲﾙ,81
2021,4. 整形外科系手術,LAM,椎弓切除術,各医療機関の手術件数の分布,90ﾊﾟｰｾﾝﾀｲﾙ,141
2021,4. 整形外科系手術,LAM,椎弓切除術,年齢,平均値,65.27103442
2021,4. 整形外科系手術,LAM,椎弓切除術,年齢,中央値,70
2021,4. 整形外科系手術,LAM,椎弓切除術,手術件数,男,6598
2021,4. 整形外科系手術,LAM,椎弓切除術,手術件数,女,3659
2021,4. 整形外科系手術,LAM,椎弓切除術,手術件数,内視鏡有,2096
2021,4. 整形外科系手術,LAM,椎弓切除術,手術件数,内視鏡無,8161
2021,4. 整形外科系手術,LAM,椎弓切除術,手術件数,緊急,427
2021,4. 整形外科系手術,LAM,椎弓切除術,手術件数,待機,9830
2021,4. 整形外科系手術,LAM,椎弓切除術,手術件数,埋入物有,1345
2021,4. 整形外科系手術,LAM,椎弓切除術,手術件数,埋入物無,8912
2021,4. 整形外科系手術,LAM,椎弓切除術,SSI件数,合計,100
2021,4. 整形外科系手術,LAM,椎弓切除術,SSI発生率,全体,0.974943941
2021,4. 整形外科系手術,LAM,椎弓切除術,各医療機関のSSI発生率の分布,10ﾊﾟｰｾﾝﾀｲﾙ,0
2021,4. 整形外科系手術,LAM,椎弓切除術,各医療機関のSSI発生率の分布,25ﾊﾟｰｾﾝﾀｲﾙ,0
2021,4. 整形外科系手術,LAM,椎弓切除術,各医療機関のSSI発生率の分布,50ﾊﾟｰｾﾝﾀｲﾙ,0
2021,4. 整形外科系手術,LAM,椎弓切除術,各医療機関のSSI発生率の分布,75ﾊﾟｰｾﾝﾀｲﾙ,0.8
2021,4. 整形外科系手術,LAM,椎弓切除術,各医療機関のSSI発生率の分布,90ﾊﾟｰｾﾝﾀｲﾙ,2.6
2021,4. 整形外科系手術,LAM,椎弓切除術,SSI件数,男,85
2021,4. 整形外科系手術,LAM,椎弓切除術,SSI件数,女,15
2021,4. 整形外科系手術,LAM,椎弓切除術,SSI件数,内視鏡有,11
2021,4. 整形外科系手術,LAM,椎弓切除術,SSI件数,内視鏡無,89
2021,4. 整形外科系手術,LAM,椎弓切除術,SSI件数,緊急,2
2021,4. 整形外科系手術,LAM,椎弓切除術,SSI件数,待機,98
2021,4. 整形外科系手術,LAM,椎弓切除術,SSI件数,埋入物有,27
2021,4. 整形外科系手術,LAM,椎弓切除術,SSI件数,埋入物無,73
2021,4. 整形外科系手術,LAM,椎弓切除術,SSI件数,感染部位（表層切開創）,52
2021,4. 整形外科系手術,LAM,椎弓切除術,SSI件数,感染部位（深部切開創）,45
2021,4. 整形外科系手術,LAM,椎弓切除術,SSI件数,感染部位（臓器/体腔）,3
2021,4. 整形外科系手術,RFUSN,脊椎再固定術,集計対象医療機関数,合計,27
2021,4. 整形外科系手術,RFUSN,脊椎再固定術,手術件数,合計,109
2021,4. 整形外科系手術,RFUSN,脊椎再固定術,各医療機関の手術件数の分布,10ﾊﾟｰｾﾝﾀｲﾙ,1
2021,4. 整形外科系手術,RFUSN,脊椎再固定術,各医療機関の手術件数の分布,25ﾊﾟｰｾﾝﾀｲﾙ,1
2021,4. 整形外科系手術,RFUSN,脊椎再固定術,各医療機関の手術件数の分布,50ﾊﾟｰｾﾝﾀｲﾙ,2
2021,4. 整形外科系手術,RFUSN,脊椎再固定術,各医療機関の手術件数の分布,75ﾊﾟｰｾﾝﾀｲﾙ,5
2021,4. 整形外科系手術,RFUSN,脊椎再固定術,各医療機関の手術件数の分布,90ﾊﾟｰｾﾝﾀｲﾙ,9
2021,4. 整形外科系手術,RFUSN,脊椎再固定術,年齢,平均値,55.64220183
2021,4. 整形外科系手術,RFUSN,脊椎再固定術,年齢,中央値,68
2021,4. 整形外科系手術,RFUSN,脊椎再固定術,手術件数,男,54
2021,4. 整形外科系手術,RFUSN,脊椎再固定術,手術件数,女,55
2021,4. 整形外科系手術,RFUSN,脊椎再固定術,手術件数,内視鏡有,0
2021,4. 整形外科系手術,RFUSN,脊椎再固定術,手術件数,内視鏡無,109
2021,4. 整形外科系手術,RFUSN,脊椎再固定術,手術件数,緊急,3
2021,4. 整形外科系手術,RFUSN,脊椎再固定術,手術件数,待機,106
2021,4. 整形外科系手術,RFUSN,脊椎再固定術,手術件数,埋入物有,103
2021,4. 整形外科系手術,RFUSN,脊椎再固定術,手術件数,埋入物無,6
2021,4. 整形外科系手術,RFUSN,脊椎再固定術,SSI件数,合計,3
2021,4. 整形外科系手術,RFUSN,脊椎再固定術,SSI発生率,全体,2.752293578
2021,4. 整形外科系手術,RFUSN,脊椎再固定術,各医療機関のSSI発生率の分布,10ﾊﾟｰｾﾝﾀｲﾙ,0
2021,4. 整形外科系手術,RFUSN,脊椎再固定術,各医療機関のSSI発生率の分布,25ﾊﾟｰｾﾝﾀｲﾙ,0
2021,4. 整形外科系手術,RFUSN,脊椎再固定術,各医療機関のSSI発生率の分布,50ﾊﾟｰｾﾝﾀｲﾙ,0
2021,4. 整形外科系手術,RFUSN,脊椎再固定術,各医療機関のSSI発生率の分布,75ﾊﾟｰｾﾝﾀｲﾙ,0
2021,4. 整形外科系手術,RFUSN,脊椎再固定術,各医療機関のSSI発生率の分布,90ﾊﾟｰｾﾝﾀｲﾙ,2.7
2021,4. 整形外科系手術,RFUSN,脊椎再固定術,SSI件数,男,2
2021,4. 整形外科系手術,RFUSN,脊椎再固定術,SSI件数,女,1
2021,4. 整形外科系手術,RFUSN,脊椎再固定術,SSI件数,内視鏡有,0
2021,4. 整形外科系手術,RFUSN,脊椎再固定術,SSI件数,内視鏡無,3
2021,4. 整形外科系手術,RFUSN,脊椎再固定術,SSI件数,緊急,1
2021,4. 整形外科系手術,RFUSN,脊椎再固定術,SSI件数,待機,2
2021,4. 整形外科系手術,RFUSN,脊椎再固定術,SSI件数,埋入物有,3
2021,4. 整形外科系手術,RFUSN,脊椎再固定術,SSI件数,埋入物無,0
2021,4. 整形外科系手術,RFUSN,脊椎再固定術,SSI件数,感染部位（表層切開創）,1
2021,4. 整形外科系手術,RFUSN,脊椎再固定術,SSI件数,感染部位（深部切開創）,2
2021,4. 整形外科系手術,RFUSN,脊椎再固定術,SSI件数,感染部位（臓器/体腔）,0
2021,5. 一般外科、脳外科、産婦人科、泌尿器科、耳鼻科系手術,BRST,乳房切除術,集計対象医療機関数,合計,144
2021,5. 一般外科、脳外科、産婦人科、泌尿器科、耳鼻科系手術,BRST,乳房切除術,手術件数,合計,7469
2021,5. 一般外科、脳外科、産婦人科、泌尿器科、耳鼻科系手術,BRST,乳房切除術,各医療機関の手術件数の分布,10ﾊﾟｰｾﾝﾀｲﾙ,3
2021,5. 一般外科、脳外科、産婦人科、泌尿器科、耳鼻科系手術,BRST,乳房切除術,各医療機関の手術件数の分布,25ﾊﾟｰｾﾝﾀｲﾙ,12
2021,5. 一般外科、脳外科、産婦人科、泌尿器科、耳鼻科系手術,BRST,乳房切除術,各医療機関の手術件数の分布,50ﾊﾟｰｾﾝﾀｲﾙ,30
2021,5. 一般外科、脳外科、産婦人科、泌尿器科、耳鼻科系手術,BRST,乳房切除術,各医療機関の手術件数の分布,75ﾊﾟｰｾﾝﾀｲﾙ,62
2021,5. 一般外科、脳外科、産婦人科、泌尿器科、耳鼻科系手術,BRST,乳房切除術,各医療機関の手術件数の分布,90ﾊﾟｰｾﾝﾀｲﾙ,107
2021,5. 一般外科、脳外科、産婦人科、泌尿器科、耳鼻科系手術,BRST,乳房切除術,年齢,平均値,61.49591645
2021,5. 一般外科、脳外科、産婦人科、泌尿器科、耳鼻科系手術,BRST,乳房切除術,年齢,中央値,62
2021,5. 一般外科、脳外科、産婦人科、泌尿器科、耳鼻科系手術,BRST,乳房切除術,手術件数,男,67
2021,5. 一般外科、脳外科、産婦人科、泌尿器科、耳鼻科系手術,BRST,乳房切除術,手術件数,女,7402
2021,5. 一般外科、脳外科、産婦人科、泌尿器科、耳鼻科系手術,BRST,乳房切除術,手術件数,内視鏡有,45
2021,5. 一般外科、脳外科、産婦人科、泌尿器科、耳鼻科系手術,BRST,乳房切除術,手術件数,内視鏡無,7424
2021,5. 一般外科、脳外科、産婦人科、泌尿器科、耳鼻科系手術,BRST,乳房切除術,手術件数,緊急,23
2021,5. 一般外科、脳外科、産婦人科、泌尿器科、耳鼻科系手術,BRST,乳房切除術,手術件数,待機,7446
2021,5. 一般外科、脳外科、産婦人科、泌尿器科、耳鼻科系手術,BRST,乳房切除術,手術件数,埋入物有,264
2021,5. 一般外科、脳外科、産婦人科、泌尿器科、耳鼻科系手術,BRST,乳房切除術,手術件数,埋入物無,7205
2021,5. 一般外科、脳外科、産婦人科、泌尿器科、耳鼻科系手術,BRST,乳房切除術,SSI件数,合計,112
2021,5. 一般外科、脳外科、産婦人科、泌尿器科、耳鼻科系手術,BRST,乳房切除術,SSI発生率,全体,1.499531396
2021,5. 一般外科、脳外科、産婦人科、泌尿器科、耳鼻科系手術,BRST,乳房切除術,各医療機関のSSI発生率の分布,10ﾊﾟｰｾﾝﾀｲﾙ,0
2021,5. 一般外科、脳外科、産婦人科、泌尿器科、耳鼻科系手術,BRST,乳房切除術,各医療機関のSSI発生率の分布,25ﾊﾟｰｾﾝﾀｲﾙ,0
2021,5. 一般外科、脳外科、産婦人科、泌尿器科、耳鼻科系手術,BRST,乳房切除術,各医療機関のSSI発生率の分布,50ﾊﾟｰｾﾝﾀｲﾙ,0
2021,5. 一般外科、脳外科、産婦人科、泌尿器科、耳鼻科系手術,BRST,乳房切除術,各医療機関のSSI発生率の分布,75ﾊﾟｰｾﾝﾀｲﾙ,1
2021,5. 一般外科、脳外科、産婦人科、泌尿器科、耳鼻科系手術,BRST,乳房切除術,各医療機関のSSI発生率の分布,90ﾊﾟｰｾﾝﾀｲﾙ,3.3
2021,5. 一般外科、脳外科、産婦人科、泌尿器科、耳鼻科系手術,BRST,乳房切除術,SSI件数,男,0
2021,5. 一般外科、脳外科、産婦人科、泌尿器科、耳鼻科系手術,BRST,乳房切除術,SSI件数,女,112
2021,5. 一般外科、脳外科、産婦人科、泌尿器科、耳鼻科系手術,BRST,乳房切除術,SSI件数,内視鏡有,0
2021,5. 一般外科、脳外科、産婦人科、泌尿器科、耳鼻科系手術,BRST,乳房切除術,SSI件数,内視鏡無,112
2021,5. 一般外科、脳外科、産婦人科、泌尿器科、耳鼻科系手術,BRST,乳房切除術,SSI件数,緊急,0
2021,5. 一般外科、脳外科、産婦人科、泌尿器科、耳鼻科系手術,BRST,乳房切除術,SSI件数,待機,112
2021,5. 一般外科、脳外科、産婦人科、泌尿器科、耳鼻科系手術,BRST,乳房切除術,SSI件数,埋入物有,8
2021,5. 一般外科、脳外科、産婦人科、泌尿器科、耳鼻科系手術,BRST,乳房切除術,SSI件数,埋入物無,104
2021,5. 一般外科、脳外科、産婦人科、泌尿器科、耳鼻科系手術,BRST,乳房切除術,SSI件数,感染部位（表層切開創）,93
2021,5. 一般外科、脳外科、産婦人科、泌尿器科、耳鼻科系手術,BRST,乳房切除術,SSI件数,感染部位（深部切開創）,9
2021,5. 一般外科、脳外科、産婦人科、泌尿器科、耳鼻科系手術,BRST,乳房切除術,SSI件数,感染部位（臓器/体腔）,10
2021,5. 一般外科、脳外科、産婦人科、泌尿器科、耳鼻科系手術,THOR,胸部手術,集計対象医療機関数,合計,128
2021,5. 一般外科、脳外科、産婦人科、泌尿器科、耳鼻科系手術,THOR,胸部手術,手術件数,合計,9208
2021,5. 一般外科、脳外科、産婦人科、泌尿器科、耳鼻科系手術,THOR,胸部手術,各医療機関の手術件数の分布,10ﾊﾟｰｾﾝﾀｲﾙ,1
2021,5. 一般外科、脳外科、産婦人科、泌尿器科、耳鼻科系手術,THOR,胸部手術,各医療機関の手術件数の分布,25ﾊﾟｰｾﾝﾀｲﾙ,5
2021,5. 一般外科、脳外科、産婦人科、泌尿器科、耳鼻科系手術,THOR,胸部手術,各医療機関の手術件数の分布,50ﾊﾟｰｾﾝﾀｲﾙ,29
2021,5. 一般外科、脳外科、産婦人科、泌尿器科、耳鼻科系手術,THOR,胸部手術,各医療機関の手術件数の分布,75ﾊﾟｰｾﾝﾀｲﾙ,96
2021,5. 一般外科、脳外科、産婦人科、泌尿器科、耳鼻科系手術,THOR,胸部手術,各医療機関の手術件数の分布,90ﾊﾟｰｾﾝﾀｲﾙ,173
2021,5. 一般外科、脳外科、産婦人科、泌尿器科、耳鼻科系手術,THOR,胸部手術,年齢,平均値,64.02030843
2021,5. 一般外科、脳外科、産婦人科、泌尿器科、耳鼻科系手術,THOR,胸部手術,年齢,中央値,70
2021,5. 一般外科、脳外科、産婦人科、泌尿器科、耳鼻科系手術,THOR,胸部手術,手術件数,男,5806
2021,5. 一般外科、脳外科、産婦人科、泌尿器科、耳鼻科系手術,THOR,胸部手術,手術件数,女,3402
2021,5. 一般外科、脳外科、産婦人科、泌尿器科、耳鼻科系手術,THOR,胸部手術,手術件数,内視鏡有,7377
2021,5. 一般外科、脳外科、産婦人科、泌尿器科、耳鼻科系手術,THOR,胸部手術,手術件数,内視鏡無,1831
2021,5. 一般外科、脳外科、産婦人科、泌尿器科、耳鼻科系手術,THOR,胸部手術,手術件数,緊急,596
2021,5. 一般外科、脳外科、産婦人科、泌尿器科、耳鼻科系手術,THOR,胸部手術,手術件数,待機,8612
2021,5. 一般外科、脳外科、産婦人科、泌尿器科、耳鼻科系手術,THOR,胸部手術,手術件数,埋入物有,394
2021,5. 一般外科、脳外科、産婦人科、泌尿器科、耳鼻科系手術,THOR,胸部手術,手術件数,埋入物無,8814
2021,5. 一般外科、脳外科、産婦人科、泌尿器科、耳鼻科系手術,THOR,胸部手術,SSI件数,合計,89
2021,5. 一般外科、脳外科、産婦人科、泌尿器科、耳鼻科系手術,THOR,胸部手術,SSI発生率,全体,0.966550825
2021,5. 一般外科、脳外科、産婦人科、泌尿器科、耳鼻科系手術,THOR,胸部手術,各医療機関のSSI発生率の分布,10ﾊﾟｰｾﾝﾀｲﾙ,0
2021,5. 一般外科、脳外科、産婦人科、泌尿器科、耳鼻科系手術,THOR,胸部手術,各医療機関のSSI発生率の分布,25ﾊﾟｰｾﾝﾀｲﾙ,0
2021,5. 一般外科、脳外科、産婦人科、泌尿器科、耳鼻科系手術,THOR,胸部手術,各医療機関のSSI発生率の分布,50ﾊﾟｰｾﾝﾀｲﾙ,0
2021,5. 一般外科、脳外科、産婦人科、泌尿器科、耳鼻科系手術,THOR,胸部手術,各医療機関のSSI発生率の分布,75ﾊﾟｰｾﾝﾀｲﾙ,0
2021,5. 一般外科、脳外科、産婦人科、泌尿器科、耳鼻科系手術,THOR,胸部手術,各医療機関のSSI発生率の分布,90ﾊﾟｰｾﾝﾀｲﾙ,1.9
2021,5. 一般外科、脳外科、産婦人科、泌尿器科、耳鼻科系手術,THOR,胸部手術,SSI件数,男,67
2021,5. 一般外科、脳外科、産婦人科、泌尿器科、耳鼻科系手術,THOR,胸部手術,SSI件数,女,22
2021,5. 一般外科、脳外科、産婦人科、泌尿器科、耳鼻科系手術,THOR,胸部手術,SSI件数,内視鏡有,51
2021,5. 一般外科、脳外科、産婦人科、泌尿器科、耳鼻科系手術,THOR,胸部手術,SSI件数,内視鏡無,38
2021,5. 一般外科、脳外科、産婦人科、泌尿器科、耳鼻科系手術,THOR,胸部手術,SSI件数,緊急,9
2021,5. 一般外科、脳外科、産婦人科、泌尿器科、耳鼻科系手術,THOR,胸部手術,SSI件数,待機,80
2021,5. 一般外科、脳外科、産婦人科、泌尿器科、耳鼻科系手術,THOR,胸部手術,SSI件数,埋入物有,1
2021,5. 一般外科、脳外科、産婦人科、泌尿器科、耳鼻科系手術,THOR,胸部手術,SSI件数,埋入物無,88
2021,5. 一般外科、脳外科、産婦人科、泌尿器科、耳鼻科系手術,THOR,胸部手術,SSI件数,感染部位（表層切開創）,40
2021,5. 一般外科、脳外科、産婦人科、泌尿器科、耳鼻科系手術,THOR,胸部手術,SSI件数,感染部位（深部切開創）,9
2021,5. 一般外科、脳外科、産婦人科、泌尿器科、耳鼻科系手術,THOR,胸部手術,SSI件数,感染部位（臓器/体腔）,40
2021,5. 一般外科、脳外科、産婦人科、泌尿器科、耳鼻科系手術,THYR,甲状腺・副甲状腺手術,集計対象医療機関数,合計,61
2021,5. 一般外科、脳外科、産婦人科、泌尿器科、耳鼻科系手術,THYR,甲状腺・副甲状腺手術,手術件数,合計,736
2021,5. 一般外科、脳外科、産婦人科、泌尿器科、耳鼻科系手術,THYR,甲状腺・副甲状腺手術,各医療機関の手術件数の分布,10ﾊﾟｰｾﾝﾀｲﾙ,1
2021,5. 一般外科、脳外科、産婦人科、泌尿器科、耳鼻科系手術,THYR,甲状腺・副甲状腺手術,各医療機関の手術件数の分布,25ﾊﾟｰｾﾝﾀｲﾙ,2
2021,5. 一般外科、脳外科、産婦人科、泌尿器科、耳鼻科系手術,THYR,甲状腺・副甲状腺手術,各医療機関の手術件数の分布,50ﾊﾟｰｾﾝﾀｲﾙ,5
2021,5. 一般外科、脳外科、産婦人科、泌尿器科、耳鼻科系手術,THYR,甲状腺・副甲状腺手術,各医療機関の手術件数の分布,75ﾊﾟｰｾﾝﾀｲﾙ,12
2021,5. 一般外科、脳外科、産婦人科、泌尿器科、耳鼻科系手術,THYR,甲状腺・副甲状腺手術,各医療機関の手術件数の分布,90ﾊﾟｰｾﾝﾀｲﾙ,26
2021,5. 一般外科、脳外科、産婦人科、泌尿器科、耳鼻科系手術,THYR,甲状腺・副甲状腺手術,年齢,平均値,59.83016304
2021,5. 一般外科、脳外科、産婦人科、泌尿器科、耳鼻科系手術,THYR,甲状腺・副甲状腺手術,年齢,中央値,61
2021,5. 一般外科、脳外科、産婦人科、泌尿器科、耳鼻科系手術,THYR,甲状腺・副甲状腺手術,手術件数,男,219
2021,5. 一般外科、脳外科、産婦人科、泌尿器科、耳鼻科系手術,THYR,甲状腺・副甲状腺手術,手術件数,女,517
2021,5. 一般外科、脳外科、産婦人科、泌尿器科、耳鼻科系手術,THYR,甲状腺・副甲状腺手術,手術件数,内視鏡有,24
2021,5. 一般外科、脳外科、産婦人科、泌尿器科、耳鼻科系手術,THYR,甲状腺・副甲状腺手術,手術件数,内視鏡無,712
2021,5. 一般外科、脳外科、産婦人科、泌尿器科、耳鼻科系手術,THYR,甲状腺・副甲状腺手術,手術件数,緊急,7
2021,5. 一般外科、脳外科、産婦人科、泌尿器科、耳鼻科系手術,THYR,甲状腺・副甲状腺手術,手術件数,待機,729
2021,5. 一般外科、脳外科、産婦人科、泌尿器科、耳鼻科系手術,THYR,甲状腺・副甲状腺手術,手術件数,埋入物有,8
2021,5. 一般外科、脳外科、産婦人科、泌尿器科、耳鼻科系手術,THYR,甲状腺・副甲状腺手術,手術件数,埋入物無,728
2021,5. 一般外科、脳外科、産婦人科、泌尿器科、耳鼻科系手術,THYR,甲状腺・副甲状腺手術,SSI件数,合計,2
2021,5. 一般外科、脳外科、産婦人科、泌尿器科、耳鼻科系手術,THYR,甲状腺・副甲状腺手術,SSI発生率,全体,0.27173913
2021,5. 一般外科、脳外科、産婦人科、泌尿器科、耳鼻科系手術,THYR,甲状腺・副甲状腺手術,各医療機関のSSI発生率の分布,10ﾊﾟｰｾﾝﾀｲﾙ,0
2021,5. 一般外科、脳外科、産婦人科、泌尿器科、耳鼻科系手術,THYR,甲状腺・副甲状腺手術,各医療機関のSSI発生率の分布,25ﾊﾟｰｾﾝﾀｲﾙ,0
2021,5. 一般外科、脳外科、産婦人科、泌尿器科、耳鼻科系手術,THYR,甲状腺・副甲状腺手術,各医療機関のSSI発生率の分布,50ﾊﾟｰｾﾝﾀｲﾙ,0
2021,5. 一般外科、脳外科、産婦人科、泌尿器科、耳鼻科系手術,THYR,甲状腺・副甲状腺手術,各医療機関のSSI発生率の分布,75ﾊﾟｰｾﾝﾀｲﾙ,0
2021,5. 一般外科、脳外科、産婦人科、泌尿器科、耳鼻科系手術,THYR,甲状腺・副甲状腺手術,各医療機関のSSI発生率の分布,90ﾊﾟｰｾﾝﾀｲﾙ,0
2021,5. 一般外科、脳外科、産婦人科、泌尿器科、耳鼻科系手術,THYR,甲状腺・副甲状腺手術,SSI件数,男,2
2021,5. 一般外科、脳外科、産婦人科、泌尿器科、耳鼻科系手術,THYR,甲状腺・副甲状腺手術,SSI件数,女,0
2021,5. 一般外科、脳外科、産婦人科、泌尿器科、耳鼻科系手術,THYR,甲状腺・副甲状腺手術,SSI件数,内視鏡有,0
2021,5. 一般外科、脳外科、産婦人科、泌尿器科、耳鼻科系手術,THYR,甲状腺・副甲状腺手術,SSI件数,内視鏡無,2
2021,5. 一般外科、脳外科、産婦人科、泌尿器科、耳鼻科系手術,THYR,甲状腺・副甲状腺手術,SSI件数,緊急,0
2021,5. 一般外科、脳外科、産婦人科、泌尿器科、耳鼻科系手術,THYR,甲状腺・副甲状腺手術,SSI件数,待機,2
2021,5. 一般外科、脳外科、産婦人科、泌尿器科、耳鼻科系手術,THYR,甲状腺・副甲状腺手術,SSI件数,埋入物有,0
2021,5. 一般外科、脳外科、産婦人科、泌尿器科、耳鼻科系手術,THYR,甲状腺・副甲状腺手術,SSI件数,埋入物無,2
2021,5. 一般外科、脳外科、産婦人科、泌尿器科、耳鼻科系手術,THYR,甲状腺・副甲状腺手術,SSI件数,感染部位（表層切開創）,2
2021,5. 一般外科、脳外科、産婦人科、泌尿器科、耳鼻科系手術,THYR,甲状腺・副甲状腺手術,SSI件数,感染部位（深部切開創）,0
2021,5. 一般外科、脳外科、産婦人科、泌尿器科、耳鼻科系手術,THYR,甲状腺・副甲状腺手術,SSI件数,感染部位（臓器/体腔）,0
2021,5. 一般外科、脳外科、産婦人科、泌尿器科、耳鼻科系手術,CRAN,開頭術,集計対象医療機関数,合計,69
2021,5. 一般外科、脳外科、産婦人科、泌尿器科、耳鼻科系手術,CRAN,開頭術,手術件数,合計,4254
2021,5. 一般外科、脳外科、産婦人科、泌尿器科、耳鼻科系手術,CRAN,開頭術,各医療機関の手術件数の分布,10ﾊﾟｰｾﾝﾀｲﾙ,3
2021,5. 一般外科、脳外科、産婦人科、泌尿器科、耳鼻科系手術,CRAN,開頭術,各医療機関の手術件数の分布,25ﾊﾟｰｾﾝﾀｲﾙ,23
2021,5. 一般外科、脳外科、産婦人科、泌尿器科、耳鼻科系手術,CRAN,開頭術,各医療機関の手術件数の分布,50ﾊﾟｰｾﾝﾀｲﾙ,46
2021,5. 一般外科、脳外科、産婦人科、泌尿器科、耳鼻科系手術,CRAN,開頭術,各医療機関の手術件数の分布,75ﾊﾟｰｾﾝﾀｲﾙ,71
2021,5. 一般外科、脳外科、産婦人科、泌尿器科、耳鼻科系手術,CRAN,開頭術,各医療機関の手術件数の分布,90ﾊﾟｰｾﾝﾀｲﾙ,109
2021,5. 一般外科、脳外科、産婦人科、泌尿器科、耳鼻科系手術,CRAN,開頭術,年齢,平均値,65.55383169
2021,5. 一般外科、脳外科、産婦人科、泌尿器科、耳鼻科系手術,CRAN,開頭術,年齢,中央値,69
2021,5. 一般外科、脳外科、産婦人科、泌尿器科、耳鼻科系手術,CRAN,開頭術,手術件数,男,2212
2021,5. 一般外科、脳外科、産婦人科、泌尿器科、耳鼻科系手術,CRAN,開頭術,手術件数,女,2042
2021,5. 一般外科、脳外科、産婦人科、泌尿器科、耳鼻科系手術,CRAN,開頭術,手術件数,内視鏡有,184
2021,5. 一般外科、脳外科、産婦人科、泌尿器科、耳鼻科系手術,CRAN,開頭術,手術件数,内視鏡無,4070
2021,5. 一般外科、脳外科、産婦人科、泌尿器科、耳鼻科系手術,CRAN,開頭術,手術件数,緊急,1978
2021,5. 一般外科、脳外科、産婦人科、泌尿器科、耳鼻科系手術,CRAN,開頭術,手術件数,待機,2276
2021,5. 一般外科、脳外科、産婦人科、泌尿器科、耳鼻科系手術,CRAN,開頭術,手術件数,埋入物有,2530
2021,5. 一般外科、脳外科、産婦人科、泌尿器科、耳鼻科系手術,CRAN,開頭術,手術件数,埋入物無,1724
2021,5. 一般外科、脳外科、産婦人科、泌尿器科、耳鼻科系手術,CRAN,開頭術,SSI件数,合計,37
2021,5. 一般外科、脳外科、産婦人科、泌尿器科、耳鼻科系手術,CRAN,開頭術,SSI発生率,全体,0.869769629
2021,5. 一般外科、脳外科、産婦人科、泌尿器科、耳鼻科系手術,CRAN,開頭術,各医療機関のSSI発生率の分布,10ﾊﾟｰｾﾝﾀｲﾙ,0
2021,5. 一般外科、脳外科、産婦人科、泌尿器科、耳鼻科系手術,CRAN,開頭術,各医療機関のSSI発生率の分布,25ﾊﾟｰｾﾝﾀｲﾙ,0
2021,5. 一般外科、脳外科、産婦人科、泌尿器科、耳鼻科系手術,CRAN,開頭術,各医療機関のSSI発生率の分布,50ﾊﾟｰｾﾝﾀｲﾙ,0
2021,5. 一般外科、脳外科、産婦人科、泌尿器科、耳鼻科系手術,CRAN,開頭術,各医療機関のSSI発生率の分布,75ﾊﾟｰｾﾝﾀｲﾙ,1.4
2021,5. 一般外科、脳外科、産婦人科、泌尿器科、耳鼻科系手術,CRAN,開頭術,各医療機関のSSI発生率の分布,90ﾊﾟｰｾﾝﾀｲﾙ,2.8
2021,5. 一般外科、脳外科、産婦人科、泌尿器科、耳鼻科系手術,CRAN,開頭術,SSI件数,男,15
2021,5. 一般外科、脳外科、産婦人科、泌尿器科、耳鼻科系手術,CRAN,開頭術,SSI件数,女,22
2021,5. 一般外科、脳外科、産婦人科、泌尿器科、耳鼻科系手術,CRAN,開頭術,SSI件数,内視鏡有,2
2021,5. 一般外科、脳外科、産婦人科、泌尿器科、耳鼻科系手術,CRAN,開頭術,SSI件数,内視鏡無,35
2021,5. 一般外科、脳外科、産婦人科、泌尿器科、耳鼻科系手術,CRAN,開頭術,SSI件数,緊急,17
2021,5. 一般外科、脳外科、産婦人科、泌尿器科、耳鼻科系手術,CRAN,開頭術,SSI件数,待機,20
2021,5. 一般外科、脳外科、産婦人科、泌尿器科、耳鼻科系手術,CRAN,開頭術,SSI件数,埋入物有,23
2021,5. 一般外科、脳外科、産婦人科、泌尿器科、耳鼻科系手術,CRAN,開頭術,SSI件数,埋入物無,14
2021,5. 一般外科、脳外科、産婦人科、泌尿器科、耳鼻科系手術,CRAN,開頭術,SSI件数,感染部位（表層切開創）,14
2021,5. 一般外科、脳外科、産婦人科、泌尿器科、耳鼻科系手術,CRAN,開頭術,SSI件数,感染部位（深部切開創）,8
2021,5. 一般外科、脳外科、産婦人科、泌尿器科、耳鼻科系手術,CRAN,開頭術,SSI件数,感染部位（臓器/体腔）,15
2021,5. 一般外科、脳外科、産婦人科、泌尿器科、耳鼻科系手術,VSHN,脳室シャント,集計対象医療機関数,合計,38
2021,5. 一般外科、脳外科、産婦人科、泌尿器科、耳鼻科系手術,VSHN,脳室シャント,手術件数,合計,417
2021,5. 一般外科、脳外科、産婦人科、泌尿器科、耳鼻科系手術,VSHN,脳室シャント,各医療機関の手術件数の分布,10ﾊﾟｰｾﾝﾀｲﾙ,2
2021,5. 一般外科、脳外科、産婦人科、泌尿器科、耳鼻科系手術,VSHN,脳室シャント,各医療機関の手術件数の分布,25ﾊﾟｰｾﾝﾀｲﾙ,5
2021,5. 一般外科、脳外科、産婦人科、泌尿器科、耳鼻科系手術,VSHN,脳室シャント,各医療機関の手術件数の分布,50ﾊﾟｰｾﾝﾀｲﾙ,8
2021,5. 一般外科、脳外科、産婦人科、泌尿器科、耳鼻科系手術,VSHN,脳室シャント,各医療機関の手術件数の分布,75ﾊﾟｰｾﾝﾀｲﾙ,13
2021,5. 一般外科、脳外科、産婦人科、泌尿器科、耳鼻科系手術,VSHN,脳室シャント,各医療機関の手術件数の分布,90ﾊﾟｰｾﾝﾀｲﾙ,25
2021,5. 一般外科、脳外科、産婦人科、泌尿器科、耳鼻科系手術,VSHN,脳室シャント,年齢,平均値,70.21822542
2021,5. 一般外科、脳外科、産婦人科、泌尿器科、耳鼻科系手術,VSHN,脳室シャント,年齢,中央値,73
2021,5. 一般外科、脳外科、産婦人科、泌尿器科、耳鼻科系手術,VSHN,脳室シャント,手術件数,男,178
2021,5. 一般外科、脳外科、産婦人科、泌尿器科、耳鼻科系手術,VSHN,脳室シャント,手術件数,女,239
2021,5. 一般外科、脳外科、産婦人科、泌尿器科、耳鼻科系手術,VSHN,脳室シャント,手術件数,内視鏡有,10
2021,5. 一般外科、脳外科、産婦人科、泌尿器科、耳鼻科系手術,VSHN,脳室シャント,手術件数,内視鏡無,407
2021,5. 一般外科、脳外科、産婦人科、泌尿器科、耳鼻科系手術,VSHN,脳室シャント,手術件数,緊急,35
2021,5. 一般外科、脳外科、産婦人科、泌尿器科、耳鼻科系手術,VSHN,脳室シャント,手術件数,待機,382
2021,5. 一般外科、脳外科、産婦人科、泌尿器科、耳鼻科系手術,VSHN,脳室シャント,手術件数,埋入物有,331
2021,5. 一般外科、脳外科、産婦人科、泌尿器科、耳鼻科系手術,VSHN,脳室シャント,手術件数,埋入物無,86
2021,5. 一般外科、脳外科、産婦人科、泌尿器科、耳鼻科系手術,VSHN,脳室シャント,SSI件数,合計,4
2021,5. 一般外科、脳外科、産婦人科、泌尿器科、耳鼻科系手術,VSHN,脳室シャント,SSI発生率,全体,0.959232614
2021,5. 一般外科、脳外科、産婦人科、泌尿器科、耳鼻科系手術,VSHN,脳室シャント,各医療機関のSSI発生率の分布,10ﾊﾟｰｾﾝﾀｲﾙ,0
2021,5. 一般外科、脳外科、産婦人科、泌尿器科、耳鼻科系手術,VSHN,脳室シャント,各医療機関のSSI発生率の分布,25ﾊﾟｰｾﾝﾀｲﾙ,0
2021,5. 一般外科、脳外科、産婦人科、泌尿器科、耳鼻科系手術,VSHN,脳室シャント,各医療機関のSSI発生率の分布,50ﾊﾟｰｾﾝﾀｲﾙ,0
2021,5. 一般外科、脳外科、産婦人科、泌尿器科、耳鼻科系手術,VSHN,脳室シャント,各医療機関のSSI発生率の分布,75ﾊﾟｰｾﾝﾀｲﾙ,0
2021,5. 一般外科、脳外科、産婦人科、泌尿器科、耳鼻科系手術,VSHN,脳室シャント,各医療機関のSSI発生率の分布,90ﾊﾟｰｾﾝﾀｲﾙ,1.4
2021,5. 一般外科、脳外科、産婦人科、泌尿器科、耳鼻科系手術,VSHN,脳室シャント,SSI件数,男,1
2021,5. 一般外科、脳外科、産婦人科、泌尿器科、耳鼻科系手術,VSHN,脳室シャント,SSI件数,女,3
2021,5. 一般外科、脳外科、産婦人科、泌尿器科、耳鼻科系手術,VSHN,脳室シャント,SSI件数,内視鏡有,0
2021,5. 一般外科、脳外科、産婦人科、泌尿器科、耳鼻科系手術,VSHN,脳室シャント,SSI件数,内視鏡無,4
2021,5. 一般外科、脳外科、産婦人科、泌尿器科、耳鼻科系手術,VSHN,脳室シャント,SSI件数,緊急,0
2021,5. 一般外科、脳外科、産婦人科、泌尿器科、耳鼻科系手術,VSHN,脳室シャント,SSI件数,待機,4
2021,5. 一般外科、脳外科、産婦人科、泌尿器科、耳鼻科系手術,VSHN,脳室シャント,SSI件数,埋入物有,4
2021,5. 一般外科、脳外科、産婦人科、泌尿器科、耳鼻科系手術,VSHN,脳室シャント,SSI件数,埋入物無,0
2021,5. 一般外科、脳外科、産婦人科、泌尿器科、耳鼻科系手術,VSHN,脳室シャント,SSI件数,感染部位（表層切開創）,0
2021,5. 一般外科、脳外科、産婦人科、泌尿器科、耳鼻科系手術,VSHN,脳室シャント,SSI件数,感染部位（深部切開創）,1
2021,5. 一般外科、脳外科、産婦人科、泌尿器科、耳鼻科系手術,VSHN,脳室シャント,SSI件数,感染部位（臓器/体腔）,3
2021,5. 一般外科、脳外科、産婦人科、泌尿器科、耳鼻科系手術,CSEC,帝王切開術,集計対象医療機関数,合計,46
2021,5. 一般外科、脳外科、産婦人科、泌尿器科、耳鼻科系手術,CSEC,帝王切開術,手術件数,合計,5440
2021,5. 一般外科、脳外科、産婦人科、泌尿器科、耳鼻科系手術,CSEC,帝王切開術,各医療機関の手術件数の分布,10ﾊﾟｰｾﾝﾀｲﾙ,15
2021,5. 一般外科、脳外科、産婦人科、泌尿器科、耳鼻科系手術,CSEC,帝王切開術,各医療機関の手術件数の分布,25ﾊﾟｰｾﾝﾀｲﾙ,41
2021,5. 一般外科、脳外科、産婦人科、泌尿器科、耳鼻科系手術,CSEC,帝王切開術,各医療機関の手術件数の分布,50ﾊﾟｰｾﾝﾀｲﾙ,76
2021,5. 一般外科、脳外科、産婦人科、泌尿器科、耳鼻科系手術,CSEC,帝王切開術,各医療機関の手術件数の分布,75ﾊﾟｰｾﾝﾀｲﾙ,146
2021,5. 一般外科、脳外科、産婦人科、泌尿器科、耳鼻科系手術,CSEC,帝王切開術,各医療機関の手術件数の分布,90ﾊﾟｰｾﾝﾀｲﾙ,264
2021,5. 一般外科、脳外科、産婦人科、泌尿器科、耳鼻科系手術,CSEC,帝王切開術,年齢,平均値,33.65955882
2021,5. 一般外科、脳外科、産婦人科、泌尿器科、耳鼻科系手術,CSEC,帝王切開術,年齢,中央値,34
2021,5. 一般外科、脳外科、産婦人科、泌尿器科、耳鼻科系手術,CSEC,帝王切開術,手術件数,男,
2021,5. 一般外科、脳外科、産婦人科、泌尿器科、耳鼻科系手術,CSEC,帝王切開術,手術件数,女,5440
2021,5. 一般外科、脳外科、産婦人科、泌尿器科、耳鼻科系手術,CSEC,帝王切開術,手術件数,内視鏡有,0
2021,5. 一般外科、脳外科、産婦人科、泌尿器科、耳鼻科系手術,CSEC,帝王切開術,手術件数,内視鏡無,5440
2021,5. 一般外科、脳外科、産婦人科、泌尿器科、耳鼻科系手術,CSEC,帝王切開術,手術件数,緊急,2249
2021,5. 一般外科、脳外科、産婦人科、泌尿器科、耳鼻科系手術,CSEC,帝王切開術,手術件数,待機,3191
2021,5. 一般外科、脳外科、産婦人科、泌尿器科、耳鼻科系手術,CSEC,帝王切開術,手術件数,埋入物有,40
2021,5. 一般外科、脳外科、産婦人科、泌尿器科、耳鼻科系手術,CSEC,帝王切開術,手術件数,埋入物無,5400
2021,5. 一般外科、脳外科、産婦人科、泌尿器科、耳鼻科系手術,CSEC,帝王切開術,SSI件数,合計,36
2021,5. 一般外科、脳外科、産婦人科、泌尿器科、耳鼻科系手術,CSEC,帝王切開術,SSI発生率,全体,0.661764706
2021,5. 一般外科、脳外科、産婦人科、泌尿器科、耳鼻科系手術,CSEC,帝王切開術,各医療機関のSSI発生率の分布,10ﾊﾟｰｾﾝﾀｲﾙ,0
2021,5. 一般外科、脳外科、産婦人科、泌尿器科、耳鼻科系手術,CSEC,帝王切開術,各医療機関のSSI発生率の分布,25ﾊﾟｰｾﾝﾀｲﾙ,0
2021,5. 一般外科、脳外科、産婦人科、泌尿器科、耳鼻科系手術,CSEC,帝王切開術,各医療機関のSSI発生率の分布,50ﾊﾟｰｾﾝﾀｲﾙ,0
2021,5. 一般外科、脳外科、産婦人科、泌尿器科、耳鼻科系手術,CSEC,帝王切開術,各医療機関のSSI発生率の分布,75ﾊﾟｰｾﾝﾀｲﾙ,0.4
2021,5. 一般外科、脳外科、産婦人科、泌尿器科、耳鼻科系手術,CSEC,帝王切開術,各医療機関のSSI発生率の分布,90ﾊﾟｰｾﾝﾀｲﾙ,1.8
2021,5. 一般外科、脳外科、産婦人科、泌尿器科、耳鼻科系手術,CSEC,帝王切開術,SSI件数,男,
2021,5. 一般外科、脳外科、産婦人科、泌尿器科、耳鼻科系手術,CSEC,帝王切開術,SSI件数,女,36
2021,5. 一般外科、脳外科、産婦人科、泌尿器科、耳鼻科系手術,CSEC,帝王切開術,SSI件数,内視鏡有,0
2021,5. 一般外科、脳外科、産婦人科、泌尿器科、耳鼻科系手術,CSEC,帝王切開術,SSI件数,内視鏡無,36
2021,5. 一般外科、脳外科、産婦人科、泌尿器科、耳鼻科系手術,CSEC,帝王切開術,SSI件数,緊急,18
2021,5. 一般外科、脳外科、産婦人科、泌尿器科、耳鼻科系手術,CSEC,帝王切開術,SSI件数,待機,18
2021,5. 一般外科、脳外科、産婦人科、泌尿器科、耳鼻科系手術,CSEC,帝王切開術,SSI件数,埋入物有,0
2021,5. 一般外科、脳外科、産婦人科、泌尿器科、耳鼻科系手術,CSEC,帝王切開術,SSI件数,埋入物無,36
2021,5. 一般外科、脳外科、産婦人科、泌尿器科、耳鼻科系手術,CSEC,帝王切開術,SSI件数,感染部位（表層切開創）,26
2021,5. 一般外科、脳外科、産婦人科、泌尿器科、耳鼻科系手術,CSEC,帝王切開術,SSI件数,感染部位（深部切開創）,7
2021,5. 一般外科、脳外科、産婦人科、泌尿器科、耳鼻科系手術,CSEC,帝王切開術,SSI件数,感染部位（臓器/体腔）,3
2021,5. 一般外科、脳外科、産婦人科、泌尿器科、耳鼻科系手術,HYST,腹式子宮摘出術,集計対象医療機関数,合計,62
2021,5. 一般外科、脳外科、産婦人科、泌尿器科、耳鼻科系手術,HYST,腹式子宮摘出術,手術件数,合計,2783
2021,5. 一般外科、脳外科、産婦人科、泌尿器科、耳鼻科系手術,HYST,腹式子宮摘出術,各医療機関の手術件数の分布,10ﾊﾟｰｾﾝﾀｲﾙ,2
2021,5. 一般外科、脳外科、産婦人科、泌尿器科、耳鼻科系手術,HYST,腹式子宮摘出術,各医療機関の手術件数の分布,25ﾊﾟｰｾﾝﾀｲﾙ,7
2021,5. 一般外科、脳外科、産婦人科、泌尿器科、耳鼻科系手術,HYST,腹式子宮摘出術,各医療機関の手術件数の分布,50ﾊﾟｰｾﾝﾀｲﾙ,33
2021,5. 一般外科、脳外科、産婦人科、泌尿器科、耳鼻科系手術,HYST,腹式子宮摘出術,各医療機関の手術件数の分布,75ﾊﾟｰｾﾝﾀｲﾙ,56
2021,5. 一般外科、脳外科、産婦人科、泌尿器科、耳鼻科系手術,HYST,腹式子宮摘出術,各医療機関の手術件数の分布,90ﾊﾟｰｾﾝﾀｲﾙ,122
2021,5. 一般外科、脳外科、産婦人科、泌尿器科、耳鼻科系手術,HYST,腹式子宮摘出術,年齢,平均値,52.7944664
2021,5. 一般外科、脳外科、産婦人科、泌尿器科、耳鼻科系手術,HYST,腹式子宮摘出術,年齢,中央値,50
2021,5. 一般外科、脳外科、産婦人科、泌尿器科、耳鼻科系手術,HYST,腹式子宮摘出術,手術件数,男,
2021,5. 一般外科、脳外科、産婦人科、泌尿器科、耳鼻科系手術,HYST,腹式子宮摘出術,手術件数,女,2783
2021,5. 一般外科、脳外科、産婦人科、泌尿器科、耳鼻科系手術,HYST,腹式子宮摘出術,手術件数,内視鏡有,551
2021,5. 一般外科、脳外科、産婦人科、泌尿器科、耳鼻科系手術,HYST,腹式子宮摘出術,手術件数,内視鏡無,2232
2021,5. 一般外科、脳外科、産婦人科、泌尿器科、耳鼻科系手術,HYST,腹式子宮摘出術,手術件数,緊急,29
2021,5. 一般外科、脳外科、産婦人科、泌尿器科、耳鼻科系手術,HYST,腹式子宮摘出術,手術件数,待機,2754
2021,5. 一般外科、脳外科、産婦人科、泌尿器科、耳鼻科系手術,HYST,腹式子宮摘出術,手術件数,埋入物有,58
2021,5. 一般外科、脳外科、産婦人科、泌尿器科、耳鼻科系手術,HYST,腹式子宮摘出術,手術件数,埋入物無,2725
2021,5. 一般外科、脳外科、産婦人科、泌尿器科、耳鼻科系手術,HYST,腹式子宮摘出術,SSI件数,合計,55
2021,5. 一般外科、脳外科、産婦人科、泌尿器科、耳鼻科系手術,HYST,腹式子宮摘出術,SSI発生率,全体,1.976284585
2021,5. 一般外科、脳外科、産婦人科、泌尿器科、耳鼻科系手術,HYST,腹式子宮摘出術,各医療機関のSSI発生率の分布,10ﾊﾟｰｾﾝﾀｲﾙ,0
2021,5. 一般外科、脳外科、産婦人科、泌尿器科、耳鼻科系手術,HYST,腹式子宮摘出術,各医療機関のSSI発生率の分布,25ﾊﾟｰｾﾝﾀｲﾙ,0
2021,5. 一般外科、脳外科、産婦人科、泌尿器科、耳鼻科系手術,HYST,腹式子宮摘出術,各医療機関のSSI発生率の分布,50ﾊﾟｰｾﾝﾀｲﾙ,0
2021,5. 一般外科、脳外科、産婦人科、泌尿器科、耳鼻科系手術,HYST,腹式子宮摘出術,各医療機関のSSI発生率の分布,75ﾊﾟｰｾﾝﾀｲﾙ,1.1
2021,5. 一般外科、脳外科、産婦人科、泌尿器科、耳鼻科系手術,HYST,腹式子宮摘出術,各医療機関のSSI発生率の分布,90ﾊﾟｰｾﾝﾀｲﾙ,4.7
2021,5. 一般外科、脳外科、産婦人科、泌尿器科、耳鼻科系手術,HYST,腹式子宮摘出術,SSI件数,男,
2021,5. 一般外科、脳外科、産婦人科、泌尿器科、耳鼻科系手術,HYST,腹式子宮摘出術,SSI件数,女,55
2021,5. 一般外科、脳外科、産婦人科、泌尿器科、耳鼻科系手術,HYST,腹式子宮摘出術,SSI件数,内視鏡有,6
2021,5. 一般外科、脳外科、産婦人科、泌尿器科、耳鼻科系手術,HYST,腹式子宮摘出術,SSI件数,内視鏡無,49
2021,5. 一般外科、脳外科、産婦人科、泌尿器科、耳鼻科系手術,HYST,腹式子宮摘出術,SSI件数,緊急,2
2021,5. 一般外科、脳外科、産婦人科、泌尿器科、耳鼻科系手術,HYST,腹式子宮摘出術,SSI件数,待機,53
2021,5. 一般外科、脳外科、産婦人科、泌尿器科、耳鼻科系手術,HYST,腹式子宮摘出術,SSI件数,埋入物有,1
2021,5. 一般外科、脳外科、産婦人科、泌尿器科、耳鼻科系手術,HYST,腹式子宮摘出術,SSI件数,埋入物無,54
2021,5. 一般外科、脳外科、産婦人科、泌尿器科、耳鼻科系手術,HYST,腹式子宮摘出術,SSI件数,感染部位（表層切開創）,28
2021,5. 一般外科、脳外科、産婦人科、泌尿器科、耳鼻科系手術,HYST,腹式子宮摘出術,SSI件数,感染部位（深部切開創）,3
2021,5. 一般外科、脳外科、産婦人科、泌尿器科、耳鼻科系手術,HYST,腹式子宮摘出術,SSI件数,感染部位（臓器/体腔）,24
2021,5. 一般外科、脳外科、産婦人科、泌尿器科、耳鼻科系手術,OVRY,卵巣手術,集計対象医療機関数,合計,64
2021,5. 一般外科、脳外科、産婦人科、泌尿器科、耳鼻科系手術,OVRY,卵巣手術,手術件数,合計,2966
2021,5. 一般外科、脳外科、産婦人科、泌尿器科、耳鼻科系手術,OVRY,卵巣手術,各医療機関の手術件数の分布,10ﾊﾟｰｾﾝﾀｲﾙ,1
2021,5. 一般外科、脳外科、産婦人科、泌尿器科、耳鼻科系手術,OVRY,卵巣手術,各医療機関の手術件数の分布,25ﾊﾟｰｾﾝﾀｲﾙ,2
2021,5. 一般外科、脳外科、産婦人科、泌尿器科、耳鼻科系手術,OVRY,卵巣手術,各医療機関の手術件数の分布,50ﾊﾟｰｾﾝﾀｲﾙ,26
2021,5. 一般外科、脳外科、産婦人科、泌尿器科、耳鼻科系手術,OVRY,卵巣手術,各医療機関の手術件数の分布,75ﾊﾟｰｾﾝﾀｲﾙ,58
2021,5. 一般外科、脳外科、産婦人科、泌尿器科、耳鼻科系手術,OVRY,卵巣手術,各医療機関の手術件数の分布,90ﾊﾟｰｾﾝﾀｲﾙ,109
2021,5. 一般外科、脳外科、産婦人科、泌尿器科、耳鼻科系手術,OVRY,卵巣手術,年齢,平均値,46.2670263
2021,5. 一般外科、脳外科、産婦人科、泌尿器科、耳鼻科系手術,OVRY,卵巣手術,年齢,中央値,45
2021,5. 一般外科、脳外科、産婦人科、泌尿器科、耳鼻科系手術,OVRY,卵巣手術,手術件数,男,
2021,5. 一般外科、脳外科、産婦人科、泌尿器科、耳鼻科系手術,OVRY,卵巣手術,手術件数,女,2966
2021,5. 一般外科、脳外科、産婦人科、泌尿器科、耳鼻科系手術,OVRY,卵巣手術,手術件数,内視鏡有,1797
2021,5. 一般外科、脳外科、産婦人科、泌尿器科、耳鼻科系手術,OVRY,卵巣手術,手術件数,内視鏡無,1169
2021,5. 一般外科、脳外科、産婦人科、泌尿器科、耳鼻科系手術,OVRY,卵巣手術,手術件数,緊急,236
2021,5. 一般外科、脳外科、産婦人科、泌尿器科、耳鼻科系手術,OVRY,卵巣手術,手術件数,待機,2730
2021,5. 一般外科、脳外科、産婦人科、泌尿器科、耳鼻科系手術,OVRY,卵巣手術,手術件数,埋入物有,38
2021,5. 一般外科、脳外科、産婦人科、泌尿器科、耳鼻科系手術,OVRY,卵巣手術,手術件数,埋入物無,2928
2021,5. 一般外科、脳外科、産婦人科、泌尿器科、耳鼻科系手術,OVRY,卵巣手術,SSI件数,合計,17
2021,5. 一般外科、脳外科、産婦人科、泌尿器科、耳鼻科系手術,OVRY,卵巣手術,SSI発生率,全体,0.573162508
2021,5. 一般外科、脳外科、産婦人科、泌尿器科、耳鼻科系手術,OVRY,卵巣手術,各医療機関のSSI発生率の分布,10ﾊﾟｰｾﾝﾀｲﾙ,0
2021,5. 一般外科、脳外科、産婦人科、泌尿器科、耳鼻科系手術,OVRY,卵巣手術,各医療機関のSSI発生率の分布,25ﾊﾟｰｾﾝﾀｲﾙ,0
2021,5. 一般外科、脳外科、産婦人科、泌尿器科、耳鼻科系手術,OVRY,卵巣手術,各医療機関のSSI発生率の分布,50ﾊﾟｰｾﾝﾀｲﾙ,0
2021,5. 一般外科、脳外科、産婦人科、泌尿器科、耳鼻科系手術,OVRY,卵巣手術,各医療機関のSSI発生率の分布,75ﾊﾟｰｾﾝﾀｲﾙ,0
2021,5. 一般外科、脳外科、産婦人科、泌尿器科、耳鼻科系手術,OVRY,卵巣手術,各医療機関のSSI発生率の分布,90ﾊﾟｰｾﾝﾀｲﾙ,1.9
2021,5. 一般外科、脳外科、産婦人科、泌尿器科、耳鼻科系手術,OVRY,卵巣手術,SSI件数,男,
2021,5. 一般外科、脳外科、産婦人科、泌尿器科、耳鼻科系手術,OVRY,卵巣手術,SSI件数,女,17
2021,5. 一般外科、脳外科、産婦人科、泌尿器科、耳鼻科系手術,OVRY,卵巣手術,SSI件数,内視鏡有,11
2021,5. 一般外科、脳外科、産婦人科、泌尿器科、耳鼻科系手術,OVRY,卵巣手術,SSI件数,内視鏡無,6
2021,5. 一般外科、脳外科、産婦人科、泌尿器科、耳鼻科系手術,OVRY,卵巣手術,SSI件数,緊急,2
2021,5. 一般外科、脳外科、産婦人科、泌尿器科、耳鼻科系手術,OVRY,卵巣手術,SSI件数,待機,15
2021,5. 一般外科、脳外科、産婦人科、泌尿器科、耳鼻科系手術,OVRY,卵巣手術,SSI件数,埋入物有,0
2021,5. 一般外科、脳外科、産婦人科、泌尿器科、耳鼻科系手術,OVRY,卵巣手術,SSI件数,埋入物無,17
2021,5. 一般外科、脳外科、産婦人科、泌尿器科、耳鼻科系手術,OVRY,卵巣手術,SSI件数,感染部位（表層切開創）,12
2021,5. 一般外科、脳外科、産婦人科、泌尿器科、耳鼻科系手術,OVRY,卵巣手術,SSI件数,感染部位（深部切開創）,1
2021,5. 一般外科、脳外科、産婦人科、泌尿器科、耳鼻科系手術,OVRY,卵巣手術,SSI件数,感染部位（臓器/体腔）,4
2021,5. 一般外科、脳外科、産婦人科、泌尿器科、耳鼻科系手術,VHYS,経膣的子宮摘出術,集計対象医療機関数,合計,35
2021,5. 一般外科、脳外科、産婦人科、泌尿器科、耳鼻科系手術,VHYS,経膣的子宮摘出術,手術件数,合計,2291
2021,5. 一般外科、脳外科、産婦人科、泌尿器科、耳鼻科系手術,VHYS,経膣的子宮摘出術,各医療機関の手術件数の分布,10ﾊﾟｰｾﾝﾀｲﾙ,2
2021,5. 一般外科、脳外科、産婦人科、泌尿器科、耳鼻科系手術,VHYS,経膣的子宮摘出術,各医療機関の手術件数の分布,25ﾊﾟｰｾﾝﾀｲﾙ,4
2021,5. 一般外科、脳外科、産婦人科、泌尿器科、耳鼻科系手術,VHYS,経膣的子宮摘出術,各医療機関の手術件数の分布,50ﾊﾟｰｾﾝﾀｲﾙ,17
2021,5. 一般外科、脳外科、産婦人科、泌尿器科、耳鼻科系手術,VHYS,経膣的子宮摘出術,各医療機関の手術件数の分布,75ﾊﾟｰｾﾝﾀｲﾙ,45
2021,5. 一般外科、脳外科、産婦人科、泌尿器科、耳鼻科系手術,VHYS,経膣的子宮摘出術,各医療機関の手術件数の分布,90ﾊﾟｰｾﾝﾀｲﾙ,114
2021,5. 一般外科、脳外科、産婦人科、泌尿器科、耳鼻科系手術,VHYS,経膣的子宮摘出術,年齢,平均値,50.33522479
2021,5. 一般外科、脳外科、産婦人科、泌尿器科、耳鼻科系手術,VHYS,経膣的子宮摘出術,年齢,中央値,47
2021,5. 一般外科、脳外科、産婦人科、泌尿器科、耳鼻科系手術,VHYS,経膣的子宮摘出術,手術件数,男,
2021,5. 一般外科、脳外科、産婦人科、泌尿器科、耳鼻科系手術,VHYS,経膣的子宮摘出術,手術件数,女,2291
2021,5. 一般外科、脳外科、産婦人科、泌尿器科、耳鼻科系手術,VHYS,経膣的子宮摘出術,手術件数,内視鏡有,2038
2021,5. 一般外科、脳外科、産婦人科、泌尿器科、耳鼻科系手術,VHYS,経膣的子宮摘出術,手術件数,内視鏡無,253
2021,5. 一般外科、脳外科、産婦人科、泌尿器科、耳鼻科系手術,VHYS,経膣的子宮摘出術,手術件数,緊急,3
2021,5. 一般外科、脳外科、産婦人科、泌尿器科、耳鼻科系手術,VHYS,経膣的子宮摘出術,手術件数,待機,2288
2021,5. 一般外科、脳外科、産婦人科、泌尿器科、耳鼻科系手術,VHYS,経膣的子宮摘出術,手術件数,埋入物有,125
2021,5. 一般外科、脳外科、産婦人科、泌尿器科、耳鼻科系手術,VHYS,経膣的子宮摘出術,手術件数,埋入物無,2166
2021,5. 一般外科、脳外科、産婦人科、泌尿器科、耳鼻科系手術,VHYS,経膣的子宮摘出術,SSI件数,合計,11
2021,5. 一般外科、脳外科、産婦人科、泌尿器科、耳鼻科系手術,VHYS,経膣的子宮摘出術,SSI発生率,全体,0.480139677
2021,5. 一般外科、脳外科、産婦人科、泌尿器科、耳鼻科系手術,VHYS,経膣的子宮摘出術,各医療機関のSSI発生率の分布,10ﾊﾟｰｾﾝﾀｲﾙ,0
2021,5. 一般外科、脳外科、産婦人科、泌尿器科、耳鼻科系手術,VHYS,経膣的子宮摘出術,各医療機関のSSI発生率の分布,25ﾊﾟｰｾﾝﾀｲﾙ,0
2021,5. 一般外科、脳外科、産婦人科、泌尿器科、耳鼻科系手術,VHYS,経膣的子宮摘出術,各医療機関のSSI発生率の分布,50ﾊﾟｰｾﾝﾀｲﾙ,0
2021,5. 一般外科、脳外科、産婦人科、泌尿器科、耳鼻科系手術,VHYS,経膣的子宮摘出術,各医療機関のSSI発生率の分布,75ﾊﾟｰｾﾝﾀｲﾙ,0
2021,5. 一般外科、脳外科、産婦人科、泌尿器科、耳鼻科系手術,VHYS,経膣的子宮摘出術,各医療機関のSSI発生率の分布,90ﾊﾟｰｾﾝﾀｲﾙ,0.3
2021,5. 一般外科、脳外科、産婦人科、泌尿器科、耳鼻科系手術,VHYS,経膣的子宮摘出術,SSI件数,男,
2021,5. 一般外科、脳外科、産婦人科、泌尿器科、耳鼻科系手術,VHYS,経膣的子宮摘出術,SSI件数,女,11
2021,5. 一般外科、脳外科、産婦人科、泌尿器科、耳鼻科系手術,VHYS,経膣的子宮摘出術,SSI件数,内視鏡有,11
2021,5. 一般外科、脳外科、産婦人科、泌尿器科、耳鼻科系手術,VHYS,経膣的子宮摘出術,SSI件数,内視鏡無,0
2021,5. 一般外科、脳外科、産婦人科、泌尿器科、耳鼻科系手術,VHYS,経膣的子宮摘出術,SSI件数,緊急,0
2021,5. 一般外科、脳外科、産婦人科、泌尿器科、耳鼻科系手術,VHYS,経膣的子宮摘出術,SSI件数,待機,11
2021,5. 一般外科、脳外科、産婦人科、泌尿器科、耳鼻科系手術,VHYS,経膣的子宮摘出術,SSI件数,埋入物有,3
2021,5. 一般外科、脳外科、産婦人科、泌尿器科、耳鼻科系手術,VHYS,経膣的子宮摘出術,SSI件数,埋入物無,8
2021,5. 一般外科、脳外科、産婦人科、泌尿器科、耳鼻科系手術,VHYS,経膣的子宮摘出術,SSI件数,感染部位（表層切開創）,4
2021,5. 一般外科、脳外科、産婦人科、泌尿器科、耳鼻科系手術,VHYS,経膣的子宮摘出術,SSI件数,感染部位（深部切開創）,0
2021,5. 一般外科、脳外科、産婦人科、泌尿器科、耳鼻科系手術,VHYS,経膣的子宮摘出術,SSI件数,感染部位（臓器/体腔）,7
2021,5. 一般外科、脳外科、産婦人科、泌尿器科、耳鼻科系手術,KTP,腎臓移植,集計対象医療機関数,合計,10
2021,5. 一般外科、脳外科、産婦人科、泌尿器科、耳鼻科系手術,KTP,腎臓移植,手術件数,合計,41
2021,5. 一般外科、脳外科、産婦人科、泌尿器科、耳鼻科系手術,KTP,腎臓移植,各医療機関の手術件数の分布,10ﾊﾟｰｾﾝﾀｲﾙ,1
2021,5. 一般外科、脳外科、産婦人科、泌尿器科、耳鼻科系手術,KTP,腎臓移植,各医療機関の手術件数の分布,25ﾊﾟｰｾﾝﾀｲﾙ,1
2021,5. 一般外科、脳外科、産婦人科、泌尿器科、耳鼻科系手術,KTP,腎臓移植,各医療機関の手術件数の分布,50ﾊﾟｰｾﾝﾀｲﾙ,2
2021,5. 一般外科、脳外科、産婦人科、泌尿器科、耳鼻科系手術,KTP,腎臓移植,各医療機関の手術件数の分布,75ﾊﾟｰｾﾝﾀｲﾙ,8
2021,5. 一般外科、脳外科、産婦人科、泌尿器科、耳鼻科系手術,KTP,腎臓移植,各医療機関の手術件数の分布,90ﾊﾟｰｾﾝﾀｲﾙ,11
2021,5. 一般外科、脳外科、産婦人科、泌尿器科、耳鼻科系手術,KTP,腎臓移植,年齢,平均値,52.04878049
2021,5. 一般外科、脳外科、産婦人科、泌尿器科、耳鼻科系手術,KTP,腎臓移植,年齢,中央値,50
2021,5. 一般外科、脳外科、産婦人科、泌尿器科、耳鼻科系手術,KTP,腎臓移植,手術件数,男,29
2021,5. 一般外科、脳外科、産婦人科、泌尿器科、耳鼻科系手術,KTP,腎臓移植,手術件数,女,12
2021,5. 一般外科、脳外科、産婦人科、泌尿器科、耳鼻科系手術,KTP,腎臓移植,手術件数,内視鏡有,0
2021,5. 一般外科、脳外科、産婦人科、泌尿器科、耳鼻科系手術,KTP,腎臓移植,手術件数,内視鏡無,41
2021,5. 一般外科、脳外科、産婦人科、泌尿器科、耳鼻科系手術,KTP,腎臓移植,手術件数,緊急,5
2021,5. 一般外科、脳外科、産婦人科、泌尿器科、耳鼻科系手術,KTP,腎臓移植,手術件数,待機,36
2021,5. 一般外科、脳外科、産婦人科、泌尿器科、耳鼻科系手術,KTP,腎臓移植,手術件数,埋入物有,3
2021,5. 一般外科、脳外科、産婦人科、泌尿器科、耳鼻科系手術,KTP,腎臓移植,手術件数,埋入物無,38
2021,5. 一般外科、脳外科、産婦人科、泌尿器科、耳鼻科系手術,KTP,腎臓移植,SSI件数,合計,0
2021,5. 一般外科、脳外科、産婦人科、泌尿器科、耳鼻科系手術,KTP,腎臓移植,SSI発生率,全体,0
2021,5. 一般外科、脳外科、産婦人科、泌尿器科、耳鼻科系手術,KTP,腎臓移植,各医療機関のSSI発生率の分布,10ﾊﾟｰｾﾝﾀｲﾙ,0
2021,5. 一般外科、脳外科、産婦人科、泌尿器科、耳鼻科系手術,KTP,腎臓移植,各医療機関のSSI発生率の分布,25ﾊﾟｰｾﾝﾀｲﾙ,0
2021,5. 一般外科、脳外科、産婦人科、泌尿器科、耳鼻科系手術,KTP,腎臓移植,各医療機関のSSI発生率の分布,50ﾊﾟｰｾﾝﾀｲﾙ,0
2021,5. 一般外科、脳外科、産婦人科、泌尿器科、耳鼻科系手術,KTP,腎臓移植,各医療機関のSSI発生率の分布,75ﾊﾟｰｾﾝﾀｲﾙ,0
2021,5. 一般外科、脳外科、産婦人科、泌尿器科、耳鼻科系手術,KTP,腎臓移植,各医療機関のSSI発生率の分布,90ﾊﾟｰｾﾝﾀｲﾙ,0
2021,5. 一般外科、脳外科、産婦人科、泌尿器科、耳鼻科系手術,KTP,腎臓移植,SSI件数,男,0
2021,5. 一般外科、脳外科、産婦人科、泌尿器科、耳鼻科系手術,KTP,腎臓移植,SSI件数,女,0
2021,5. 一般外科、脳外科、産婦人科、泌尿器科、耳鼻科系手術,KTP,腎臓移植,SSI件数,内視鏡有,0
2021,5. 一般外科、脳外科、産婦人科、泌尿器科、耳鼻科系手術,KTP,腎臓移植,SSI件数,内視鏡無,0
2021,5. 一般外科、脳外科、産婦人科、泌尿器科、耳鼻科系手術,KTP,腎臓移植,SSI件数,緊急,0
2021,5. 一般外科、脳外科、産婦人科、泌尿器科、耳鼻科系手術,KTP,腎臓移植,SSI件数,待機,0
2021,5. 一般外科、脳外科、産婦人科、泌尿器科、耳鼻科系手術,KTP,腎臓移植,SSI件数,埋入物有,0
2021,5. 一般外科、脳外科、産婦人科、泌尿器科、耳鼻科系手術,KTP,腎臓移植,SSI件数,埋入物無,0
2021,5. 一般外科、脳外科、産婦人科、泌尿器科、耳鼻科系手術,KTP,腎臓移植,SSI件数,感染部位（表層切開創）,0
2021,5. 一般外科、脳外科、産婦人科、泌尿器科、耳鼻科系手術,KTP,腎臓移植,SSI件数,感染部位（深部切開創）,0
2021,5. 一般外科、脳外科、産婦人科、泌尿器科、耳鼻科系手術,KTP,腎臓移植,SSI件数,感染部位（臓器/体腔）,0
2021,5. 一般外科、脳外科、産婦人科、泌尿器科、耳鼻科系手術,NEPH,腎臓手術,集計対象医療機関数,合計,61
2021,5. 一般外科、脳外科、産婦人科、泌尿器科、耳鼻科系手術,NEPH,腎臓手術,手術件数,合計,1473
2021,5. 一般外科、脳外科、産婦人科、泌尿器科、耳鼻科系手術,NEPH,腎臓手術,各医療機関の手術件数の分布,10ﾊﾟｰｾﾝﾀｲﾙ,1
2021,5. 一般外科、脳外科、産婦人科、泌尿器科、耳鼻科系手術,NEPH,腎臓手術,各医療機関の手術件数の分布,25ﾊﾟｰｾﾝﾀｲﾙ,6
2021,5. 一般外科、脳外科、産婦人科、泌尿器科、耳鼻科系手術,NEPH,腎臓手術,各医療機関の手術件数の分布,50ﾊﾟｰｾﾝﾀｲﾙ,12
2021,5. 一般外科、脳外科、産婦人科、泌尿器科、耳鼻科系手術,NEPH,腎臓手術,各医療機関の手術件数の分布,75ﾊﾟｰｾﾝﾀｲﾙ,29
2021,5. 一般外科、脳外科、産婦人科、泌尿器科、耳鼻科系手術,NEPH,腎臓手術,各医療機関の手術件数の分布,90ﾊﾟｰｾﾝﾀｲﾙ,59
2021,5. 一般外科、脳外科、産婦人科、泌尿器科、耳鼻科系手術,NEPH,腎臓手術,年齢,平均値,67.13645621
2021,5. 一般外科、脳外科、産婦人科、泌尿器科、耳鼻科系手術,NEPH,腎臓手術,年齢,中央値,71
2021,5. 一般外科、脳外科、産婦人科、泌尿器科、耳鼻科系手術,NEPH,腎臓手術,手術件数,男,992
2021,5. 一般外科、脳外科、産婦人科、泌尿器科、耳鼻科系手術,NEPH,腎臓手術,手術件数,女,481
2021,5. 一般外科、脳外科、産婦人科、泌尿器科、耳鼻科系手術,NEPH,腎臓手術,手術件数,内視鏡有,1220
2021,5. 一般外科、脳外科、産婦人科、泌尿器科、耳鼻科系手術,NEPH,腎臓手術,手術件数,内視鏡無,253
2021,5. 一般外科、脳外科、産婦人科、泌尿器科、耳鼻科系手術,NEPH,腎臓手術,手術件数,緊急,24
2021,5. 一般外科、脳外科、産婦人科、泌尿器科、耳鼻科系手術,NEPH,腎臓手術,手術件数,待機,1449
2021,5. 一般外科、脳外科、産婦人科、泌尿器科、耳鼻科系手術,NEPH,腎臓手術,手術件数,埋入物有,55
2021,5. 一般外科、脳外科、産婦人科、泌尿器科、耳鼻科系手術,NEPH,腎臓手術,手術件数,埋入物無,1418
2021,5. 一般外科、脳外科、産婦人科、泌尿器科、耳鼻科系手術,NEPH,腎臓手術,SSI件数,合計,6
2021,5. 一般外科、脳外科、産婦人科、泌尿器科、耳鼻科系手術,NEPH,腎臓手術,SSI発生率,全体,0.407331976
2021,5. 一般外科、脳外科、産婦人科、泌尿器科、耳鼻科系手術,NEPH,腎臓手術,各医療機関のSSI発生率の分布,10ﾊﾟｰｾﾝﾀｲﾙ,0
2021,5. 一般外科、脳外科、産婦人科、泌尿器科、耳鼻科系手術,NEPH,腎臓手術,各医療機関のSSI発生率の分布,25ﾊﾟｰｾﾝﾀｲﾙ,0
2021,5. 一般外科、脳外科、産婦人科、泌尿器科、耳鼻科系手術,NEPH,腎臓手術,各医療機関のSSI発生率の分布,50ﾊﾟｰｾﾝﾀｲﾙ,0
2021,5. 一般外科、脳外科、産婦人科、泌尿器科、耳鼻科系手術,NEPH,腎臓手術,各医療機関のSSI発生率の分布,75ﾊﾟｰｾﾝﾀｲﾙ,0
2021,5. 一般外科、脳外科、産婦人科、泌尿器科、耳鼻科系手術,NEPH,腎臓手術,各医療機関のSSI発生率の分布,90ﾊﾟｰｾﾝﾀｲﾙ,0
2021,5. 一般外科、脳外科、産婦人科、泌尿器科、耳鼻科系手術,NEPH,腎臓手術,SSI件数,男,5
2021,5. 一般外科、脳外科、産婦人科、泌尿器科、耳鼻科系手術,NEPH,腎臓手術,SSI件数,女,1
2021,5. 一般外科、脳外科、産婦人科、泌尿器科、耳鼻科系手術,NEPH,腎臓手術,SSI件数,内視鏡有,6
2021,5. 一般外科、脳外科、産婦人科、泌尿器科、耳鼻科系手術,NEPH,腎臓手術,SSI件数,内視鏡無,0
2021,5. 一般外科、脳外科、産婦人科、泌尿器科、耳鼻科系手術,NEPH,腎臓手術,SSI件数,緊急,0
2021,5. 一般外科、脳外科、産婦人科、泌尿器科、耳鼻科系手術,NEPH,腎臓手術,SSI件数,待機,6
2021,5. 一般外科、脳外科、産婦人科、泌尿器科、耳鼻科系手術,NEPH,腎臓手術,SSI件数,埋入物有,1
2021,5. 一般外科、脳外科、産婦人科、泌尿器科、耳鼻科系手術,NEPH,腎臓手術,SSI件数,埋入物無,5
2021,5. 一般外科、脳外科、産婦人科、泌尿器科、耳鼻科系手術,NEPH,腎臓手術,SSI件数,感染部位（表層切開創）,2
2021,5. 一般外科、脳外科、産婦人科、泌尿器科、耳鼻科系手術,NEPH,腎臓手術,SSI件数,感染部位（深部切開創）,1
2021,5. 一般外科、脳外科、産婦人科、泌尿器科、耳鼻科系手術,NEPH,腎臓手術,SSI件数,感染部位（臓器/体腔）,3
2021,5. 一般外科、脳外科、産婦人科、泌尿器科、耳鼻科系手術,PRST,前立腺手術,集計対象医療機関数,合計,52
2021,5. 一般外科、脳外科、産婦人科、泌尿器科、耳鼻科系手術,PRST,前立腺手術,手術件数,合計,1825
2021,5. 一般外科、脳外科、産婦人科、泌尿器科、耳鼻科系手術,PRST,前立腺手術,各医療機関の手術件数の分布,10ﾊﾟｰｾﾝﾀｲﾙ,1
2021,5. 一般外科、脳外科、産婦人科、泌尿器科、耳鼻科系手術,PRST,前立腺手術,各医療機関の手術件数の分布,25ﾊﾟｰｾﾝﾀｲﾙ,3
2021,5. 一般外科、脳外科、産婦人科、泌尿器科、耳鼻科系手術,PRST,前立腺手術,各医療機関の手術件数の分布,50ﾊﾟｰｾﾝﾀｲﾙ,21
2021,5. 一般外科、脳外科、産婦人科、泌尿器科、耳鼻科系手術,PRST,前立腺手術,各医療機関の手術件数の分布,75ﾊﾟｰｾﾝﾀｲﾙ,46
2021,5. 一般外科、脳外科、産婦人科、泌尿器科、耳鼻科系手術,PRST,前立腺手術,各医療機関の手術件数の分布,90ﾊﾟｰｾﾝﾀｲﾙ,82
2021,5. 一般外科、脳外科、産婦人科、泌尿器科、耳鼻科系手術,PRST,前立腺手術,年齢,平均値,69.47068493
2021,5. 一般外科、脳外科、産婦人科、泌尿器科、耳鼻科系手術,PRST,前立腺手術,年齢,中央値,71
2021,5. 一般外科、脳外科、産婦人科、泌尿器科、耳鼻科系手術,PRST,前立腺手術,手術件数,男,1825
2021,5. 一般外科、脳外科、産婦人科、泌尿器科、耳鼻科系手術,PRST,前立腺手術,手術件数,女,
2021,5. 一般外科、脳外科、産婦人科、泌尿器科、耳鼻科系手術,PRST,前立腺手術,手術件数,内視鏡有,1658
2021,5. 一般外科、脳外科、産婦人科、泌尿器科、耳鼻科系手術,PRST,前立腺手術,手術件数,内視鏡無,167
2021,5. 一般外科、脳外科、産婦人科、泌尿器科、耳鼻科系手術,PRST,前立腺手術,手術件数,緊急,4
2021,5. 一般外科、脳外科、産婦人科、泌尿器科、耳鼻科系手術,PRST,前立腺手術,手術件数,待機,1821
2021,5. 一般外科、脳外科、産婦人科、泌尿器科、耳鼻科系手術,PRST,前立腺手術,手術件数,埋入物有,50
2021,5. 一般外科、脳外科、産婦人科、泌尿器科、耳鼻科系手術,PRST,前立腺手術,手術件数,埋入物無,1775
2021,5. 一般外科、脳外科、産婦人科、泌尿器科、耳鼻科系手術,PRST,前立腺手術,SSI件数,合計,9
2021,5. 一般外科、脳外科、産婦人科、泌尿器科、耳鼻科系手術,PRST,前立腺手術,SSI発生率,全体,0.493150685
2021,5. 一般外科、脳外科、産婦人科、泌尿器科、耳鼻科系手術,PRST,前立腺手術,各医療機関のSSI発生率の分布,10ﾊﾟｰｾﾝﾀｲﾙ,0
2021,5. 一般外科、脳外科、産婦人科、泌尿器科、耳鼻科系手術,PRST,前立腺手術,各医療機関のSSI発生率の分布,25ﾊﾟｰｾﾝﾀｲﾙ,0
2021,5. 一般外科、脳外科、産婦人科、泌尿器科、耳鼻科系手術,PRST,前立腺手術,各医療機関のSSI発生率の分布,50ﾊﾟｰｾﾝﾀｲﾙ,0
2021,5. 一般外科、脳外科、産婦人科、泌尿器科、耳鼻科系手術,PRST,前立腺手術,各医療機関のSSI発生率の分布,75ﾊﾟｰｾﾝﾀｲﾙ,0
2021,5. 一般外科、脳外科、産婦人科、泌尿器科、耳鼻科系手術,PRST,前立腺手術,各医療機関のSSI発生率の分布,90ﾊﾟｰｾﾝﾀｲﾙ,0.5
2021,5. 一般外科、脳外科、産婦人科、泌尿器科、耳鼻科系手術,PRST,前立腺手術,SSI件数,男,9
2021,5. 一般外科、脳外科、産婦人科、泌尿器科、耳鼻科系手術,PRST,前立腺手術,SSI件数,女,
2021,5. 一般外科、脳外科、産婦人科、泌尿器科、耳鼻科系手術,PRST,前立腺手術,SSI件数,内視鏡有,9
2021,5. 一般外科、脳外科、産婦人科、泌尿器科、耳鼻科系手術,PRST,前立腺手術,SSI件数,内視鏡無,0
2021,5. 一般外科、脳外科、産婦人科、泌尿器科、耳鼻科系手術,PRST,前立腺手術,SSI件数,緊急,0
2021,5. 一般外科、脳外科、産婦人科、泌尿器科、耳鼻科系手術,PRST,前立腺手術,SSI件数,待機,9
2021,5. 一般外科、脳外科、産婦人科、泌尿器科、耳鼻科系手術,PRST,前立腺手術,SSI件数,埋入物有,0
2021,5. 一般外科、脳外科、産婦人科、泌尿器科、耳鼻科系手術,PRST,前立腺手術,SSI件数,埋入物無,9
2021,5. 一般外科、脳外科、産婦人科、泌尿器科、耳鼻科系手術,PRST,前立腺手術,SSI件数,感染部位（表層切開創）,3
2021,5. 一般外科、脳外科、産婦人科、泌尿器科、耳鼻科系手術,PRST,前立腺手術,SSI件数,感染部位（深部切開創）,1
2021,5. 一般外科、脳外科、産婦人科、泌尿器科、耳鼻科系手術,PRST,前立腺手術,SSI件数,感染部位（臓器/体腔）,5
2021,5. 一般外科、脳外科、産婦人科、泌尿器科、耳鼻科系手術,NECK,頚部手術,集計対象医療機関数,合計,26
2021,5. 一般外科、脳外科、産婦人科、泌尿器科、耳鼻科系手術,NECK,頚部手術,手術件数,合計,339
2021,5. 一般外科、脳外科、産婦人科、泌尿器科、耳鼻科系手術,NECK,頚部手術,各医療機関の手術件数の分布,10ﾊﾟｰｾﾝﾀｲﾙ,1
2021,5. 一般外科、脳外科、産婦人科、泌尿器科、耳鼻科系手術,NECK,頚部手術,各医療機関の手術件数の分布,25ﾊﾟｰｾﾝﾀｲﾙ,1
2021,5. 一般外科、脳外科、産婦人科、泌尿器科、耳鼻科系手術,NECK,頚部手術,各医療機関の手術件数の分布,50ﾊﾟｰｾﾝﾀｲﾙ,4
2021,5. 一般外科、脳外科、産婦人科、泌尿器科、耳鼻科系手術,NECK,頚部手術,各医療機関の手術件数の分布,75ﾊﾟｰｾﾝﾀｲﾙ,13
2021,5. 一般外科、脳外科、産婦人科、泌尿器科、耳鼻科系手術,NECK,頚部手術,各医療機関の手術件数の分布,90ﾊﾟｰｾﾝﾀｲﾙ,31
2021,5. 一般外科、脳外科、産婦人科、泌尿器科、耳鼻科系手術,NECK,頚部手術,年齢,平均値,59.17109145
2021,5. 一般外科、脳外科、産婦人科、泌尿器科、耳鼻科系手術,NECK,頚部手術,年齢,中央値,66
2021,5. 一般外科、脳外科、産婦人科、泌尿器科、耳鼻科系手術,NECK,頚部手術,手術件数,男,199
2021,5. 一般外科、脳外科、産婦人科、泌尿器科、耳鼻科系手術,NECK,頚部手術,手術件数,女,140
2021,5. 一般外科、脳外科、産婦人科、泌尿器科、耳鼻科系手術,NECK,頚部手術,手術件数,内視鏡有,4
2021,5. 一般外科、脳外科、産婦人科、泌尿器科、耳鼻科系手術,NECK,頚部手術,手術件数,内視鏡無,335
2021,5. 一般外科、脳外科、産婦人科、泌尿器科、耳鼻科系手術,NECK,頚部手術,手術件数,緊急,11
2021,5. 一般外科、脳外科、産婦人科、泌尿器科、耳鼻科系手術,NECK,頚部手術,手術件数,待機,328
2021,5. 一般外科、脳外科、産婦人科、泌尿器科、耳鼻科系手術,NECK,頚部手術,手術件数,埋入物有,19
2021,5. 一般外科、脳外科、産婦人科、泌尿器科、耳鼻科系手術,NECK,頚部手術,手術件数,埋入物無,320
2021,5. 一般外科、脳外科、産婦人科、泌尿器科、耳鼻科系手術,NECK,頚部手術,SSI件数,合計,3
2021,5. 一般外科、脳外科、産婦人科、泌尿器科、耳鼻科系手術,NECK,頚部手術,SSI発生率,全体,0.884955752
2021,5. 一般外科、脳外科、産婦人科、泌尿器科、耳鼻科系手術,NECK,頚部手術,各医療機関のSSI発生率の分布,10ﾊﾟｰｾﾝﾀｲﾙ,0
2021,5. 一般外科、脳外科、産婦人科、泌尿器科、耳鼻科系手術,NECK,頚部手術,各医療機関のSSI発生率の分布,25ﾊﾟｰｾﾝﾀｲﾙ,0
2021,5. 一般外科、脳外科、産婦人科、泌尿器科、耳鼻科系手術,NECK,頚部手術,各医療機関のSSI発生率の分布,50ﾊﾟｰｾﾝﾀｲﾙ,0
2021,5. 一般外科、脳外科、産婦人科、泌尿器科、耳鼻科系手術,NECK,頚部手術,各医療機関のSSI発生率の分布,75ﾊﾟｰｾﾝﾀｲﾙ,0
2021,5. 一般外科、脳外科、産婦人科、泌尿器科、耳鼻科系手術,NECK,頚部手術,各医療機関のSSI発生率の分布,90ﾊﾟｰｾﾝﾀｲﾙ,0
2021,5. 一般外科、脳外科、産婦人科、泌尿器科、耳鼻科系手術,NECK,頚部手術,SSI件数,男,2
2021,5. 一般外科、脳外科、産婦人科、泌尿器科、耳鼻科系手術,NECK,頚部手術,SSI件数,女,1
2021,5. 一般外科、脳外科、産婦人科、泌尿器科、耳鼻科系手術,NECK,頚部手術,SSI件数,内視鏡有,0
2021,5. 一般外科、脳外科、産婦人科、泌尿器科、耳鼻科系手術,NECK,頚部手術,SSI件数,内視鏡無,3
2021,5. 一般外科、脳外科、産婦人科、泌尿器科、耳鼻科系手術,NECK,頚部手術,SSI件数,緊急,0
2021,5. 一般外科、脳外科、産婦人科、泌尿器科、耳鼻科系手術,NECK,頚部手術,SSI件数,待機,3
2021,5. 一般外科、脳外科、産婦人科、泌尿器科、耳鼻科系手術,NECK,頚部手術,SSI件数,埋入物有,0
2021,5. 一般外科、脳外科、産婦人科、泌尿器科、耳鼻科系手術,NECK,頚部手術,SSI件数,埋入物無,3
2021,5. 一般外科、脳外科、産婦人科、泌尿器科、耳鼻科系手術,NECK,頚部手術,SSI件数,感染部位（表層切開創）,3
2021,5. 一般外科、脳外科、産婦人科、泌尿器科、耳鼻科系手術,NECK,頚部手術,SSI件数,感染部位（深部切開創）,0
2021,5. 一般外科、脳外科、産婦人科、泌尿器科、耳鼻科系手術,NECK,頚部手術,SSI件数,感染部位（臓器/体腔）,0